--
-- PostgreSQL database dump
--

-- Dumped from database version 14.6
-- Dumped by pg_dump version 14.6

SET statement_timeout = 0;
SET lock_timeout = 0;
SET idle_in_transaction_session_timeout = 0;
SET client_encoding = 'UTF8';
SET standard_conforming_strings = on;
SELECT pg_catalog.set_config('search_path', '', false);
SET check_function_bodies = false;
SET xmloption = content;
SET client_min_messages = warning;
SET row_security = off;

SET default_tablespace = '';

SET default_table_access_method = heap;

--
-- Name: requete; Type: TABLE; Schema: public; Owner: postgres
--

CREATE TABLE public.requete (
    id bigint NOT NULL,
    statut character varying(30),
    code_ue character varying(10),
    matricule_en character varying(20)
);


ALTER TABLE public.requete OWNER TO postgres;

--
-- Name: Requete_id_seq; Type: SEQUENCE; Schema: public; Owner: postgres
--

ALTER TABLE public.requete ALTER COLUMN id ADD GENERATED BY DEFAULT AS IDENTITY (
    SEQUENCE NAME public."Requete_id_seq"
    START WITH 1
    INCREMENT BY 1
    NO MINVALUE
    NO MAXVALUE
    CACHE 1
);


--
-- Name: agenda; Type: TABLE; Schema: public; Owner: postgres
--

CREATE TABLE public.agenda (
    id_ag integer NOT NULL,
    titre character varying(255),
    date_deb_ag date,
    date_fin date,
    note character varying(255),
    matricule character varying(10),
    matricule_en character varying(20)
);


ALTER TABLE public.agenda OWNER TO postgres;

--
-- Name: agenda_id_ag_seq; Type: SEQUENCE; Schema: public; Owner: postgres
--

CREATE SEQUENCE public.agenda_id_ag_seq
    AS integer
    START WITH 1
    INCREMENT BY 1
    NO MINVALUE
    NO MAXVALUE
    CACHE 1;


ALTER TABLE public.agenda_id_ag_seq OWNER TO postgres;

--
-- Name: agenda_id_ag_seq; Type: SEQUENCE OWNED BY; Schema: public; Owner: postgres
--

ALTER SEQUENCE public.agenda_id_ag_seq OWNED BY public.agenda.id_ag;


--
-- Name: annonce; Type: TABLE; Schema: public; Owner: postgres
--

CREATE TABLE public.annonce (
    id_ann integer NOT NULL,
    texte text,
    date_pub date,
    categorie character varying(255),
    titre character varying(255),
    matricule character varying(10),
    matricule_en character varying(20)
);


ALTER TABLE public.annonce OWNER TO postgres;

--
-- Name: annonce_id_ann_seq; Type: SEQUENCE; Schema: public; Owner: postgres
--

CREATE SEQUENCE public.annonce_id_ann_seq
    AS integer
    START WITH 1
    INCREMENT BY 1
    NO MINVALUE
    NO MAXVALUE
    CACHE 1;


ALTER TABLE public.annonce_id_ann_seq OWNER TO postgres;

--
-- Name: annonce_id_ann_seq; Type: SEQUENCE OWNED BY; Schema: public; Owner: postgres
--

ALTER SEQUENCE public.annonce_id_ann_seq OWNED BY public.annonce.id_ann;


--
-- Name: auth_group; Type: TABLE; Schema: public; Owner: postgres
--

CREATE TABLE public.auth_group (
    id integer NOT NULL,
    name character varying(150) NOT NULL
);


ALTER TABLE public.auth_group OWNER TO postgres;

--
-- Name: auth_group_id_seq; Type: SEQUENCE; Schema: public; Owner: postgres
--

ALTER TABLE public.auth_group ALTER COLUMN id ADD GENERATED BY DEFAULT AS IDENTITY (
    SEQUENCE NAME public.auth_group_id_seq
    START WITH 1
    INCREMENT BY 1
    NO MINVALUE
    NO MAXVALUE
    CACHE 1
);


--
-- Name: auth_group_permissions; Type: TABLE; Schema: public; Owner: postgres
--

CREATE TABLE public.auth_group_permissions (
    id bigint NOT NULL,
    group_id integer NOT NULL,
    permission_id integer NOT NULL
);


ALTER TABLE public.auth_group_permissions OWNER TO postgres;

--
-- Name: auth_group_permissions_id_seq; Type: SEQUENCE; Schema: public; Owner: postgres
--

ALTER TABLE public.auth_group_permissions ALTER COLUMN id ADD GENERATED BY DEFAULT AS IDENTITY (
    SEQUENCE NAME public.auth_group_permissions_id_seq
    START WITH 1
    INCREMENT BY 1
    NO MINVALUE
    NO MAXVALUE
    CACHE 1
);


--
-- Name: auth_permission; Type: TABLE; Schema: public; Owner: postgres
--

CREATE TABLE public.auth_permission (
    id integer NOT NULL,
    name character varying(255) NOT NULL,
    content_type_id integer NOT NULL,
    codename character varying(100) NOT NULL
);


ALTER TABLE public.auth_permission OWNER TO postgres;

--
-- Name: auth_permission_id_seq; Type: SEQUENCE; Schema: public; Owner: postgres
--

ALTER TABLE public.auth_permission ALTER COLUMN id ADD GENERATED BY DEFAULT AS IDENTITY (
    SEQUENCE NAME public.auth_permission_id_seq
    START WITH 1
    INCREMENT BY 1
    NO MINVALUE
    NO MAXVALUE
    CACHE 1
);


--
-- Name: auth_user; Type: TABLE; Schema: public; Owner: postgres
--

CREATE TABLE public.auth_user (
    id integer NOT NULL,
    password character varying(128) NOT NULL,
    last_login timestamp with time zone,
    is_superuser boolean NOT NULL,
    username character varying(150) NOT NULL,
    first_name character varying(150) NOT NULL,
    last_name character varying(150) NOT NULL,
    email character varying(254) NOT NULL,
    is_staff boolean NOT NULL,
    is_active boolean NOT NULL,
    date_joined timestamp with time zone NOT NULL
);


ALTER TABLE public.auth_user OWNER TO postgres;

--
-- Name: auth_user_groups; Type: TABLE; Schema: public; Owner: postgres
--

CREATE TABLE public.auth_user_groups (
    id bigint NOT NULL,
    user_id integer NOT NULL,
    group_id integer NOT NULL
);


ALTER TABLE public.auth_user_groups OWNER TO postgres;

--
-- Name: auth_user_groups_id_seq; Type: SEQUENCE; Schema: public; Owner: postgres
--

ALTER TABLE public.auth_user_groups ALTER COLUMN id ADD GENERATED BY DEFAULT AS IDENTITY (
    SEQUENCE NAME public.auth_user_groups_id_seq
    START WITH 1
    INCREMENT BY 1
    NO MINVALUE
    NO MAXVALUE
    CACHE 1
);


--
-- Name: auth_user_id_seq; Type: SEQUENCE; Schema: public; Owner: postgres
--

ALTER TABLE public.auth_user ALTER COLUMN id ADD GENERATED BY DEFAULT AS IDENTITY (
    SEQUENCE NAME public.auth_user_id_seq
    START WITH 1
    INCREMENT BY 1
    NO MINVALUE
    NO MAXVALUE
    CACHE 1
);


--
-- Name: auth_user_user_permissions; Type: TABLE; Schema: public; Owner: postgres
--

CREATE TABLE public.auth_user_user_permissions (
    id bigint NOT NULL,
    user_id integer NOT NULL,
    permission_id integer NOT NULL
);


ALTER TABLE public.auth_user_user_permissions OWNER TO postgres;

--
-- Name: auth_user_user_permissions_id_seq; Type: SEQUENCE; Schema: public; Owner: postgres
--

ALTER TABLE public.auth_user_user_permissions ALTER COLUMN id ADD GENERATED BY DEFAULT AS IDENTITY (
    SEQUENCE NAME public.auth_user_user_permissions_id_seq
    START WITH 1
    INCREMENT BY 1
    NO MINVALUE
    NO MAXVALUE
    CACHE 1
);


--
-- Name: django_admin_log; Type: TABLE; Schema: public; Owner: postgres
--

CREATE TABLE public.django_admin_log (
    id integer NOT NULL,
    action_time timestamp with time zone NOT NULL,
    object_id text,
    object_repr character varying(200) NOT NULL,
    action_flag smallint NOT NULL,
    change_message text NOT NULL,
    content_type_id integer,
    user_id integer NOT NULL,
    CONSTRAINT django_admin_log_action_flag_check CHECK ((action_flag >= 0))
);


ALTER TABLE public.django_admin_log OWNER TO postgres;

--
-- Name: django_admin_log_id_seq; Type: SEQUENCE; Schema: public; Owner: postgres
--

ALTER TABLE public.django_admin_log ALTER COLUMN id ADD GENERATED BY DEFAULT AS IDENTITY (
    SEQUENCE NAME public.django_admin_log_id_seq
    START WITH 1
    INCREMENT BY 1
    NO MINVALUE
    NO MAXVALUE
    CACHE 1
);


--
-- Name: django_content_type; Type: TABLE; Schema: public; Owner: postgres
--

CREATE TABLE public.django_content_type (
    id integer NOT NULL,
    app_label character varying(100) NOT NULL,
    model character varying(100) NOT NULL
);


ALTER TABLE public.django_content_type OWNER TO postgres;

--
-- Name: django_content_type_id_seq; Type: SEQUENCE; Schema: public; Owner: postgres
--

ALTER TABLE public.django_content_type ALTER COLUMN id ADD GENERATED BY DEFAULT AS IDENTITY (
    SEQUENCE NAME public.django_content_type_id_seq
    START WITH 1
    INCREMENT BY 1
    NO MINVALUE
    NO MAXVALUE
    CACHE 1
);


--
-- Name: django_migrations; Type: TABLE; Schema: public; Owner: postgres
--

CREATE TABLE public.django_migrations (
    id bigint NOT NULL,
    app character varying(255) NOT NULL,
    name character varying(255) NOT NULL,
    applied timestamp with time zone NOT NULL
);


ALTER TABLE public.django_migrations OWNER TO postgres;

--
-- Name: django_migrations_id_seq; Type: SEQUENCE; Schema: public; Owner: postgres
--

ALTER TABLE public.django_migrations ALTER COLUMN id ADD GENERATED BY DEFAULT AS IDENTITY (
    SEQUENCE NAME public.django_migrations_id_seq
    START WITH 1
    INCREMENT BY 1
    NO MINVALUE
    NO MAXVALUE
    CACHE 1
);


--
-- Name: django_session; Type: TABLE; Schema: public; Owner: postgres
--

CREATE TABLE public.django_session (
    session_key character varying(40) NOT NULL,
    session_data text NOT NULL,
    expire_date timestamp with time zone NOT NULL
);


ALTER TABLE public.django_session OWNER TO postgres;

--
-- Name: document; Type: TABLE; Schema: public; Owner: postgres
--

CREATE TABLE public.document (
    id_doc integer NOT NULL,
    titre character varying(255),
    date_doc date,
    description character varying(255),
    matricule_en character varying(20),
    file character varying(100)
);


ALTER TABLE public.document OWNER TO postgres;

--
-- Name: document_id_doc_seq; Type: SEQUENCE; Schema: public; Owner: postgres
--

CREATE SEQUENCE public.document_id_doc_seq
    AS integer
    START WITH 1
    INCREMENT BY 1
    NO MINVALUE
    NO MAXVALUE
    CACHE 1;


ALTER TABLE public.document_id_doc_seq OWNER TO postgres;

--
-- Name: document_id_doc_seq; Type: SEQUENCE OWNED BY; Schema: public; Owner: postgres
--

ALTER SEQUENCE public.document_id_doc_seq OWNED BY public.document.id_doc;


--
-- Name: enseignant; Type: TABLE; Schema: public; Owner: postgres
--

CREATE TABLE public.enseignant (
    matricule_en character varying(20) NOT NULL,
    nom character varying(255),
    prenom character varying(255),
    email character varying(255),
    sexe character(1),
    mot_de_passe_ensei character varying(255),
    last_login timestamp with time zone
);


ALTER TABLE public.enseignant OWNER TO postgres;

--
-- Name: ent_infoConnect_resetlink; Type: TABLE; Schema: public; Owner: postgres
--

CREATE TABLE public."ent_infoConnect_resetlink" (
    id bigint NOT NULL,
    token character varying(100) NOT NULL,
    expiration_time timestamp with time zone NOT NULL,
    content_type_id integer NOT NULL,
    object_id character varying(255) NOT NULL,
    user_type character varying(10) NOT NULL
);


ALTER TABLE public."ent_infoConnect_resetlink" OWNER TO postgres;

--
-- Name: ent_infoConnect_resetlink_id_seq; Type: SEQUENCE; Schema: public; Owner: postgres
--

ALTER TABLE public."ent_infoConnect_resetlink" ALTER COLUMN id ADD GENERATED BY DEFAULT AS IDENTITY (
    SEQUENCE NAME public."ent_infoConnect_resetlink_id_seq"
    START WITH 1
    INCREMENT BY 1
    NO MINVALUE
    NO MAXVALUE
    CACHE 1
);


--
-- Name: etudiant; Type: TABLE; Schema: public; Owner: postgres
--

CREATE TABLE public.etudiant (
    matricule character varying(10) NOT NULL,
    nom character varying(255),
    prenom character varying(255),
    email character varying(255) NOT NULL,
    sexe character(1),
    mot_de_passe character varying(255) NOT NULL,
    filiere character varying(255),
    niveau character(2),
    statut character varying(255),
    last_login timestamp with time zone
);


ALTER TABLE public.etudiant OWNER TO postgres;

--
-- Name: note; Type: TABLE; Schema: public; Owner: postgres
--

CREATE TABLE public.note (
    id_note integer NOT NULL,
    examen character varying(255),
    valeur numeric(5,2),
    date_fin date,
    date_deb date,
    code_ue character varying(10),
    matricule character varying(10),
    matricule_en character varying(20)
);


ALTER TABLE public.note OWNER TO postgres;

--
-- Name: note_id_note_seq; Type: SEQUENCE; Schema: public; Owner: postgres
--

CREATE SEQUENCE public.note_id_note_seq
    AS integer
    START WITH 1
    INCREMENT BY 1
    NO MINVALUE
    NO MAXVALUE
    CACHE 1;


ALTER TABLE public.note_id_note_seq OWNER TO postgres;

--
-- Name: note_id_note_seq; Type: SEQUENCE OWNED BY; Schema: public; Owner: postgres
--

ALTER SEQUENCE public.note_id_note_seq OWNED BY public.note.id_note;


--
-- Name: profil_ens; Type: TABLE; Schema: public; Owner: postgres
--

CREATE TABLE public.profil_ens (
    id_pr_en integer NOT NULL,
    matricule_en character varying(20)
);


ALTER TABLE public.profil_ens OWNER TO postgres;

--
-- Name: profil_ens_id_pr_en_seq; Type: SEQUENCE; Schema: public; Owner: postgres
--

CREATE SEQUENCE public.profil_ens_id_pr_en_seq
    AS integer
    START WITH 1
    INCREMENT BY 1
    NO MINVALUE
    NO MAXVALUE
    CACHE 1;


ALTER TABLE public.profil_ens_id_pr_en_seq OWNER TO postgres;

--
-- Name: profil_ens_id_pr_en_seq; Type: SEQUENCE OWNED BY; Schema: public; Owner: postgres
--

ALTER SEQUENCE public.profil_ens_id_pr_en_seq OWNED BY public.profil_ens.id_pr_en;


--
-- Name: profil_etu; Type: TABLE; Schema: public; Owner: postgres
--

CREATE TABLE public.profil_etu (
    id_prof integer NOT NULL,
    mgp numeric(5,2),
    matricule character varying(10)
);


ALTER TABLE public.profil_etu OWNER TO postgres;

--
-- Name: profil_etu_id_prof_seq; Type: SEQUENCE; Schema: public; Owner: postgres
--

CREATE SEQUENCE public.profil_etu_id_prof_seq
    AS integer
    START WITH 1
    INCREMENT BY 1
    NO MINVALUE
    NO MAXVALUE
    CACHE 1;


ALTER TABLE public.profil_etu_id_prof_seq OWNER TO postgres;

--
-- Name: profil_etu_id_prof_seq; Type: SEQUENCE OWNED BY; Schema: public; Owner: postgres
--

ALTER SEQUENCE public.profil_etu_id_prof_seq OWNED BY public.profil_etu.id_prof;


--
-- Name: ue; Type: TABLE; Schema: public; Owner: postgres
--

CREATE TABLE public.ue (
    code_ue character varying(10) NOT NULL,
    nom character varying(255),
    credit integer,
    matricule_en character varying(20),
    type_ue character varying(1) NOT NULL
);


ALTER TABLE public.ue OWNER TO postgres;

--
-- Name: agenda id_ag; Type: DEFAULT; Schema: public; Owner: postgres
--

ALTER TABLE ONLY public.agenda ALTER COLUMN id_ag SET DEFAULT nextval('public.agenda_id_ag_seq'::regclass);


--
-- Name: annonce id_ann; Type: DEFAULT; Schema: public; Owner: postgres
--

ALTER TABLE ONLY public.annonce ALTER COLUMN id_ann SET DEFAULT nextval('public.annonce_id_ann_seq'::regclass);


--
-- Name: document id_doc; Type: DEFAULT; Schema: public; Owner: postgres
--

ALTER TABLE ONLY public.document ALTER COLUMN id_doc SET DEFAULT nextval('public.document_id_doc_seq'::regclass);


--
-- Name: note id_note; Type: DEFAULT; Schema: public; Owner: postgres
--

ALTER TABLE ONLY public.note ALTER COLUMN id_note SET DEFAULT nextval('public.note_id_note_seq'::regclass);


--
-- Name: profil_ens id_pr_en; Type: DEFAULT; Schema: public; Owner: postgres
--

ALTER TABLE ONLY public.profil_ens ALTER COLUMN id_pr_en SET DEFAULT nextval('public.profil_ens_id_pr_en_seq'::regclass);


--
-- Name: profil_etu id_prof; Type: DEFAULT; Schema: public; Owner: postgres
--

ALTER TABLE ONLY public.profil_etu ALTER COLUMN id_prof SET DEFAULT nextval('public.profil_etu_id_prof_seq'::regclass);


--
-- Data for Name: agenda; Type: TABLE DATA; Schema: public; Owner: postgres
--

COPY public.agenda (id_ag, titre, date_deb_ag, date_fin, note, matricule, matricule_en) FROM stdin;
\.


--
-- Data for Name: annonce; Type: TABLE DATA; Schema: public; Owner: postgres
--

COPY public.annonce (id_ann, texte, date_pub, categorie, titre, matricule, matricule_en) FROM stdin;
\.


--
-- Data for Name: auth_group; Type: TABLE DATA; Schema: public; Owner: postgres
--

COPY public.auth_group (id, name) FROM stdin;
\.


--
-- Data for Name: auth_group_permissions; Type: TABLE DATA; Schema: public; Owner: postgres
--

COPY public.auth_group_permissions (id, group_id, permission_id) FROM stdin;
\.


--
-- Data for Name: auth_permission; Type: TABLE DATA; Schema: public; Owner: postgres
--

COPY public.auth_permission (id, name, content_type_id, codename) FROM stdin;
1	Can add log entry	1	add_logentry
2	Can change log entry	1	change_logentry
3	Can delete log entry	1	delete_logentry
4	Can view log entry	1	view_logentry
5	Can add permission	2	add_permission
6	Can change permission	2	change_permission
7	Can delete permission	2	delete_permission
8	Can view permission	2	view_permission
9	Can add group	3	add_group
10	Can change group	3	change_group
11	Can delete group	3	delete_group
12	Can view group	3	view_group
13	Can add user	4	add_user
14	Can change user	4	change_user
15	Can delete user	4	delete_user
16	Can view user	4	view_user
17	Can add content type	5	add_contenttype
18	Can change content type	5	change_contenttype
19	Can delete content type	5	delete_contenttype
20	Can view content type	5	view_contenttype
21	Can add session	6	add_session
22	Can change session	6	change_session
23	Can delete session	6	delete_session
24	Can view session	6	view_session
25	Can add agenda	7	add_agenda
26	Can change agenda	7	change_agenda
27	Can delete agenda	7	delete_agenda
28	Can view agenda	7	view_agenda
29	Can add annonce	8	add_annonce
30	Can change annonce	8	change_annonce
31	Can delete annonce	8	delete_annonce
32	Can view annonce	8	view_annonce
33	Can add document	9	add_document
34	Can change document	9	change_document
35	Can delete document	9	delete_document
36	Can view document	9	view_document
37	Can add enseignant	10	add_enseignant
38	Can change enseignant	10	change_enseignant
39	Can delete enseignant	10	delete_enseignant
40	Can view enseignant	10	view_enseignant
41	Can add etudiant	11	add_etudiant
42	Can change etudiant	11	change_etudiant
43	Can delete etudiant	11	delete_etudiant
44	Can view etudiant	11	view_etudiant
45	Can add note	12	add_note
46	Can change note	12	change_note
47	Can delete note	12	delete_note
48	Can view note	12	view_note
49	Can add profil ens	13	add_profilens
50	Can change profil ens	13	change_profilens
51	Can delete profil ens	13	delete_profilens
52	Can view profil ens	13	view_profilens
53	Can add profil etu	14	add_profiletu
54	Can change profil etu	14	change_profiletu
55	Can delete profil etu	14	delete_profiletu
56	Can view profil etu	14	view_profiletu
57	Can add ue	15	add_ue
58	Can change ue	15	change_ue
59	Can delete ue	15	delete_ue
60	Can view ue	15	view_ue
61	Can add reset link	16	add_resetlink
62	Can change reset link	16	change_resetlink
63	Can delete reset link	16	delete_resetlink
64	Can view reset link	16	view_resetlink
65	Can add requete	17	add_requete
66	Can change requete	17	change_requete
67	Can delete requete	17	delete_requete
68	Can view requete	17	view_requete
\.


--
-- Data for Name: auth_user; Type: TABLE DATA; Schema: public; Owner: postgres
--

COPY public.auth_user (id, password, last_login, is_superuser, username, first_name, last_name, email, is_staff, is_active, date_joined) FROM stdin;
1	pbkdf2_sha256$600000$TaJeEaIKvL1i6x2hkfhY1p$bYWDtHq5u51p0DCd14oWiI6aE/ez4XHCXZdrE6Ncp/A=	2023-11-13 02:34:00.741854+01	t	tchami				t	t	2023-11-13 02:33:25.281721+01
2	pbkdf2_sha256$600000$j5jV7VpPuNN7hbYn2upbNj$7f23bAd1uM7vuiGzSLlUL2KiOu8yHr6DtbOacFcQby8=	2024-01-04 08:11:27.637739+01	t	wilson			wilsonnguimgo@gmail.com	t	t	2023-12-06 16:44:00.348403+01
\.


--
-- Data for Name: auth_user_groups; Type: TABLE DATA; Schema: public; Owner: postgres
--

COPY public.auth_user_groups (id, user_id, group_id) FROM stdin;
\.


--
-- Data for Name: auth_user_user_permissions; Type: TABLE DATA; Schema: public; Owner: postgres
--

COPY public.auth_user_user_permissions (id, user_id, permission_id) FROM stdin;
\.


--
-- Data for Name: django_admin_log; Type: TABLE DATA; Schema: public; Owner: postgres
--

COPY public.django_admin_log (id, action_time, object_id, object_repr, action_flag, change_message, content_type_id, user_id) FROM stdin;
1	2023-11-13 08:40:38.508729+01	11r29401	nicheubertabt.facsciences-uy1@gmail.cm	2	[]	10	1
2	2023-12-07 06:56:29.463417+01	INF311	Ue object (INF311)	1	[{"added": {}}]	15	2
3	2023-12-07 06:57:14.691959+01	INF321	Ue object (INF321)	2	[{"changed": {"fields": ["Code ue", "Nom", "Matricule en"]}}]	15	2
4	2023-12-07 07:11:26.145914+01	INF331	Ue object (INF331)	2	[{"changed": {"fields": ["Code ue", "Nom", "Matricule en"]}}]	15	2
5	2023-12-07 07:11:47.852939+01	INF341	Ue object (INF341)	2	[{"changed": {"fields": ["Code ue", "Nom", "Matricule en"]}}]	15	2
6	2023-12-07 07:12:30.291654+01	INF351	Ue object (INF351)	2	[{"changed": {"fields": ["Code ue", "Nom", "Credit", "Matricule en", "Type ue"]}}]	15	2
7	2023-12-07 07:13:09.68625+01	INF361	Ue object (INF361)	2	[{"changed": {"fields": ["Code ue", "Nom", "Credit", "Matricule en", "Type ue"]}}]	15	2
8	2023-12-07 07:14:01.91145+01	INF371	Ue object (INF371)	2	[{"changed": {"fields": ["Code ue", "Nom", "Credit", "Matricule en", "Type ue"]}}]	15	2
9	2023-12-07 07:18:10.783518+01	INF381	Ue object (INF381)	2	[{"changed": {"fields": ["Code ue", "Nom", "Credit", "Matricule en", "Type ue"]}}]	15	2
10	2023-12-07 07:24:23.031225+01	FBL311	Ue object (FBL311)	2	[{"changed": {"fields": ["Code ue", "Nom", "Credit", "Matricule en"]}}]	15	2
11	2023-12-07 07:25:31.148031+01	INF312	Ue object (INF312)	2	[{"changed": {"fields": ["Code ue", "Nom", "Matricule en"]}}]	15	2
12	2023-12-07 07:27:48.59329+01	INF322	Ue object (INF322)	2	[{"changed": {"fields": ["Code ue", "Nom", "Matricule en"]}}]	15	2
13	2023-12-07 07:28:29.93883+01	INF332	Ue object (INF332)	2	[{"changed": {"fields": ["Code ue", "Nom", "Matricule en"]}}]	15	2
14	2023-12-07 07:29:08.860439+01	INF342	Ue object (INF342)	2	[{"changed": {"fields": ["Code ue", "Nom", "Matricule en"]}}]	15	2
15	2023-12-07 07:34:07.392031+01	INF352	Ue object (INF352)	2	[{"changed": {"fields": ["Code ue", "Nom", "Credit", "Matricule en", "Type ue"]}}]	15	2
16	2023-12-07 07:34:41.851017+01	INF362	Ue object (INF362)	2	[{"changed": {"fields": ["Code ue", "Nom", "Credit", "Matricule en", "Type ue"]}}]	15	2
17	2023-12-07 07:35:27.977629+01	INF372	Ue object (INF372)	2	[{"changed": {"fields": ["Code ue", "Nom", "Credit", "Matricule en", "Type ue"]}}]	15	2
18	2023-12-07 07:36:28.104804+01	INF382	Ue object (INF382)	2	[{"changed": {"fields": ["Code ue", "Nom", "Credit", "Matricule en", "Type ue"]}}]	15	2
19	2023-12-07 07:37:41.777479+01	PPE312	Ue object (PPE312)	2	[{"changed": {"fields": ["Code ue", "Nom", "Credit", "Matricule en"]}}]	15	2
20	2023-12-10 23:43:26.679404+01	INF311	Ue object (INF311)	2	[{"changed": {"fields": ["Matricule en"]}}]	15	2
21	2023-12-11 03:32:34.963316+01	ts-no	tsopze@facsciences-uy1.cm	3		10	2
22	2023-12-11 03:32:35.005744+01	nz-ar	nzekong@facsciences-uy1.cm	3		10	2
23	2023-12-11 03:32:35.047392+01	ng-me	messi@facsiences-uy1.cm	3		10	2
24	2023-12-11 03:32:35.058095+01	nd-re	ndoundam@facsiences-uy1.cm	3		10	2
25	2023-12-11 03:32:35.069301+01	mo-va	monthe@facsiences-uy1.cm	3		10	2
26	2023-12-11 03:32:35.08048+01	me-pa	melatagiapaulin@facsciences-uy1.cm	3		10	2
27	2023-12-11 03:32:35.091471+01	ji-az	jiomekong@facsciences-uy1.cm	3		10	2
28	2023-12-11 03:32:35.102656+01	ha-ad	hamza@facsiences-uy1.cm	3		10	2
29	2023-12-11 03:32:35.11411+01	eb-se	ebele@facsiences-uy1.cm	3		10	2
30	2023-12-11 03:32:35.125062+01	do-ro	domga@facsiences-uy1.cm	3		10	2
31	2023-12-11 03:32:35.136053+01	da-me	dame@facsiences-uy1.cm	3		10	2
32	2023-12-11 03:32:35.147411+01	an-en	anglais@facsciences-uy1.cm	3		10	2
33	2023-12-11 03:32:35.158513+01	am-am	aminou@facsciences-uy1.cm	3		10	2
34	2023-12-11 03:32:35.169668+01	ab-gh	abessolo@facsciences-uy1.cm	3		10	2
35	2023-12-11 03:32:35.181038+01	11r29401	nicheubertabt.facsciences-uy1@gmail.cm	3		10	2
36	2023-12-27 05:01:31.803102+01	was21ds	bankai@gmail.com	1	[{"added": {}}]	11	2
37	2023-12-27 05:02:06.705533+01	was21ds	bankai@gmail.com	3		11	2
38	2023-12-28 09:30:04.602421+01	22s7944	zannotelli.orbadiah@facsciences-uy1.cm	3		11	2
39	2023-12-28 09:30:04.63651+01	21u3079	fassbender.isis@facsciences-uy1.cm	3		11	2
40	2023-12-28 09:30:04.667006+01	21t4985	pashler.jelene@facsciences-uy1.cm	3		11	2
41	2023-12-28 09:30:04.692402+01	21s6959	brisseau.lenka@facsciences-uy1.cm	3		11	2
42	2023-12-28 09:30:04.703523+01	18t1699	hatch.jess@facsciences-uy1.cm	3		11	2
43	2023-12-29 05:11:06.227804+01	20U2855	tchami tamen.sorelle@facsciences-uy1.cm	3		11	2
44	2023-12-29 07:24:33.613039+01	22S7944	orbadiah.zannotelli@facsciences-uy1.cm	3		11	2
45	2023-12-29 07:24:33.633329+01	22S4254	yetty.thorius@facsciences-uy1.cm	3		11	2
46	2023-12-29 07:24:33.644279+01	21V0455	vyky.crennan@facsciences-uy1.cm	3		11	2
47	2023-12-29 07:24:33.655701+01	21U3079	isis.fassbender@facsciences-uy1.cm	3		11	2
48	2023-12-29 07:24:33.666749+01	21T4985	jelene.pashler@facsciences-uy1.cm	3		11	2
49	2023-12-29 07:24:33.678034+01	21S6959	lenka.brisseau@facsciences-uy1.cm	3		11	2
50	2023-12-29 07:24:33.689035+01	18T2660	adrianne.stegers@facsciences-uy1.cm	3		11	2
51	2023-12-29 07:24:33.699963+01	18T1699	jess.hatch@facsciences-uy1.cm	3		11	2
52	2023-12-29 07:24:33.71122+01	14V0993	gabe.iceton@facsciences-uy1.cm	3		11	2
53	2024-01-04 05:37:22.146362+01	INF311	INF311	2	[{"changed": {"fields": ["Matricule en"]}}]	15	2
54	2024-01-04 05:38:00.078881+01	INF321	INF321	1	[{"added": {}}]	15	2
55	2024-01-04 05:38:57.004652+01	INF331	INF331	1	[{"added": {}}]	15	2
56	2024-01-04 05:39:49.767293+01	INF341	INF341	1	[{"added": {}}]	15	2
57	2024-01-04 05:42:36.407012+01	INF351	INF351	1	[{"added": {}}]	15	2
58	2024-01-04 05:44:19.066448+01	INF361	INF361	1	[{"added": {}}]	15	2
59	2024-01-04 05:48:15.753259+01	INF361	INF361	1	[{"added": {}}]	15	2
60	2024-01-04 05:50:23.058428+01	INF371	INF371	1	[{"added": {}}]	15	2
61	2024-01-04 05:50:31.643496+01	INF371	INF371	2	[{"changed": {"fields": ["Matricule en"]}}]	15	2
62	2024-01-04 05:50:56.651193+01	INF381	INF381	1	[{"added": {}}]	15	2
63	2024-01-04 05:59:48.38337+01	INF381	INF381	3		15	2
64	2024-01-04 05:59:48.400245+01	INF361	INF361	3		15	2
65	2024-01-04 05:59:48.411095+01	INF351	INF351	3		15	2
66	2024-01-04 06:00:29.043118+01	INF371	INF371	2	[{"changed": {"fields": ["Nom"]}}]	15	2
67	2024-01-04 06:00:47.419791+01	UE_OPT	UE_OPT	2	[{"changed": {"fields": ["Code ue"]}}]	15	2
68	2024-01-04 06:01:54.111374+01	63	Note object (63)	3		12	2
69	2024-01-04 06:01:54.128734+01	62	Note object (62)	3		12	2
70	2024-01-04 06:01:54.139989+01	61	Note object (61)	3		12	2
71	2024-01-04 06:01:54.151187+01	60	Note object (60)	3		12	2
72	2024-01-04 06:01:54.1621+01	59	Note object (59)	3		12	2
73	2024-01-04 06:01:54.173321+01	58	Note object (58)	3		12	2
74	2024-01-04 06:01:54.184323+01	57	Note object (57)	3		12	2
75	2024-01-04 06:01:54.195556+01	56	Note object (56)	3		12	2
76	2024-01-04 06:01:54.206792+01	55	Note object (55)	3		12	2
77	2024-01-04 06:01:54.217825+01	54	Note object (54)	3		12	2
78	2024-01-04 06:01:54.240176+01	53	Note object (53)	3		12	2
79	2024-01-04 06:01:54.251538+01	52	Note object (52)	3		12	2
80	2024-01-04 06:01:54.262438+01	51	Note object (51)	3		12	2
81	2024-01-04 06:01:54.273714+01	50	Note object (50)	3		12	2
82	2024-01-04 06:01:54.285157+01	49	Note object (49)	3		12	2
83	2024-01-04 06:01:54.295924+01	48	Note object (48)	3		12	2
84	2024-01-04 06:01:54.307199+01	47	Note object (47)	3		12	2
85	2024-01-04 06:01:54.318241+01	46	Note object (46)	3		12	2
86	2024-01-04 06:01:54.329361+01	45	Note object (45)	3		12	2
87	2024-01-04 06:01:54.340586+01	44	Note object (44)	3		12	2
88	2024-01-04 06:01:54.351632+01	43	Note object (43)	3		12	2
89	2024-01-04 06:01:54.362847+01	42	Note object (42)	3		12	2
90	2024-01-04 06:01:54.374091+01	41	Note object (41)	3		12	2
91	2024-01-04 06:01:54.385011+01	40	Note object (40)	3		12	2
92	2024-01-04 06:01:54.396576+01	39	Note object (39)	3		12	2
93	2024-01-04 06:01:54.407486+01	38	Note object (38)	3		12	2
94	2024-01-04 06:01:54.418322+01	37	Note object (37)	3		12	2
95	2024-01-04 06:01:54.429744+01	36	Note object (36)	3		12	2
96	2024-01-04 06:01:54.440876+01	35	Note object (35)	3		12	2
97	2024-01-04 06:01:54.451889+01	34	Note object (34)	3		12	2
98	2024-01-04 06:01:54.463112+01	33	Note object (33)	3		12	2
99	2024-01-04 06:01:54.474237+01	32	Note object (32)	3		12	2
100	2024-01-04 06:01:54.485382+01	31	Note object (31)	3		12	2
101	2024-01-04 06:02:16.320037+01	1	Document object (1)	3		9	2
102	2024-01-04 06:05:49.372796+01	FBL311	FBL311	2	[{"changed": {"fields": ["Code ue", "Nom", "Matricule en", "Type ue"]}}]	15	2
103	2024-01-04 06:06:05.657064+01	INF371	INF371	3		15	2
104	2024-01-04 06:06:53.817758+01	UE_OPT	UE_OPT	2	[{"changed": {"fields": ["Nom"]}}]	15	2
105	2024-01-04 07:39:14.501411+01	INF311	INF311	2	[{"changed": {"fields": ["Matricule en"]}}]	15	2
106	2024-01-04 08:09:21.988203+01	INF321	INF321	2	[{"changed": {"fields": ["Matricule en"]}}]	15	2
\.


--
-- Data for Name: django_content_type; Type: TABLE DATA; Schema: public; Owner: postgres
--

COPY public.django_content_type (id, app_label, model) FROM stdin;
1	admin	logentry
2	auth	permission
3	auth	group
4	auth	user
5	contenttypes	contenttype
6	sessions	session
7	ent_infoConnect	agenda
8	ent_infoConnect	annonce
9	ent_infoConnect	document
10	ent_infoConnect	enseignant
11	ent_infoConnect	etudiant
12	ent_infoConnect	note
13	ent_infoConnect	profilens
14	ent_infoConnect	profiletu
15	ent_infoConnect	ue
16	ent_infoConnect	resetlink
17	ent_infoConnect	requete
\.


--
-- Data for Name: django_migrations; Type: TABLE DATA; Schema: public; Owner: postgres
--

COPY public.django_migrations (id, app, name, applied) FROM stdin;
1	contenttypes	0001_initial	2023-10-25 12:17:32.619912+01
2	auth	0001_initial	2023-10-25 12:17:32.769338+01
3	admin	0001_initial	2023-10-25 12:17:32.807607+01
4	admin	0002_logentry_remove_auto_add	2023-10-25 12:17:32.817544+01
5	admin	0003_logentry_add_action_flag_choices	2023-10-25 12:17:32.825811+01
6	contenttypes	0002_remove_content_type_name	2023-10-25 12:17:32.846011+01
7	auth	0002_alter_permission_name_max_length	2023-10-25 12:17:32.85365+01
8	auth	0003_alter_user_email_max_length	2023-10-25 12:17:32.865123+01
9	auth	0004_alter_user_username_opts	2023-10-25 12:17:32.878592+01
10	auth	0005_alter_user_last_login_null	2023-10-25 12:17:32.889815+01
11	auth	0006_require_contenttypes_0002	2023-10-25 12:17:32.894125+01
12	auth	0007_alter_validators_add_error_messages	2023-10-25 12:17:32.898241+01
13	auth	0008_alter_user_username_max_length	2023-10-25 12:17:32.928715+01
14	auth	0009_alter_user_last_name_max_length	2023-10-25 12:17:32.940925+01
15	auth	0010_alter_group_name_max_length	2023-10-25 12:17:32.951331+01
16	auth	0011_update_proxy_permissions	2023-10-25 12:17:32.960206+01
17	auth	0012_alter_user_first_name_max_length	2023-10-25 12:17:32.9677+01
19	sessions	0001_initial	2023-10-25 12:17:32.995718+01
43	ent_infoConnect	0001_initial	2023-11-02 10:41:57.503884+01
60	ent_infoConnect	0002_resetlink	2023-11-12 17:38:12.132098+01
61	ent_infoConnect	0003_alter_etudiant_table	2023-11-12 17:38:12.143019+01
62	ent_infoConnect	0004_alter_etudiant_table	2023-11-12 17:38:12.151013+01
63	ent_infoConnect	0005_alter_etudiant_options	2023-11-12 17:38:12.158019+01
64	ent_infoConnect	0006_alter_etudiant_email_alter_etudiant_mot_de_passe_and_more	2023-11-12 17:38:12.18506+01
65	ent_infoConnect	0007_alter_enseignant_options	2023-11-12 17:38:12.191011+01
66	ent_infoConnect	0008_alter_enseignant_table	2023-11-12 17:38:12.198011+01
67	ent_infoConnect	0009_alter_agenda_options_alter_annonce_options_and_more	2023-11-12 17:38:12.209054+01
68	ent_infoConnect	0003_alter_etudiant_options	2023-11-13 03:40:06.824618+01
69	ent_infoConnect	0004_etudiant_last_login	2023-11-13 03:42:47.196247+01
70	ent_infoConnect	0005_alter_enseignant_options	2023-11-13 03:45:20.780784+01
71	ent_infoConnect	0006_enseignant_last_login	2023-11-13 03:46:31.777589+01
72	ent_infoConnect	0007_etudiant_password	2023-11-13 05:20:21.832279+01
73	ent_infoConnect	0008_remove_resetlink_user_type_enseignant_password_and_more	2023-11-13 06:13:54.026605+01
74	ent_infoConnect	0009_remove_enseignant_password_remove_etudiant_password	2023-11-13 06:13:54.036273+01
75	ent_infoConnect	0010_enseignant_password_etudiant_password	2023-11-13 06:15:59.443927+01
76	ent_infoConnect	0011_resetlink_user_type_alter_resetlink_object_id	2023-11-13 06:23:38.406203+01
77	ent_infoConnect	0012_remove_enseignant_password_remove_etudiant_password	2023-11-13 07:00:37.821584+01
80	ent_infoConnect	0013_alter_ue_options	2023-12-07 06:33:28.353991+01
81	ent_infoConnect	0014_alter_agenda_options_alter_annonce_options_and_more	2023-12-07 06:36:20.18581+01
82	ent_infoConnect	0015_agenda_matricule_agenda_matricule_en_and_more	2023-12-07 06:49:22.14136+01
83	ent_infoConnect	0016_document_file	2023-12-27 12:55:50.135168+01
84	ent_infoConnect	0017_remove_document_matricule	2023-12-27 12:55:50.405542+01
85	ent_infoConnect	0018_alter_document_file	2023-12-27 12:55:50.433285+01
86	ent_infoConnect	0019_alter_document_file	2023-12-27 12:55:50.457091+01
87	ent_infoConnect	0020_rename_type_doc_document_description	2023-12-27 12:55:50.47802+01
88	ent_infoConnect	0021_requete	2024-01-08 10:21:35.469954+01
89	ent_infoConnect	0022_alter_requete_table	2024-01-08 11:03:34.277075+01
\.


--
-- Data for Name: django_session; Type: TABLE DATA; Schema: public; Owner: postgres
--

COPY public.django_session (session_key, session_data, expire_date) FROM stdin;
o0xd7b26elx49nluq4fx9ybmxjcjopz6	.eJxVjssOwiAQRf-FtRKxL-jKuPcbmmEYLEohKe3CGP9dmjap7ib3nnsyb9bBPPXdnGjsnGEtE-zwm2nAJ4WlMA8I98gxhml0mi8I39rEb9GQv27sn6CH1Od1IYkUltg0tVTmXFVWFohC1afGFJpEreQZaykaqAorK01WC6OoLE2pTD6ydP0x2MjaN7NuTFMXYKAsn7CHwWXEwx6mOJL3y5AGcH5P-IpfLGBCRwEpHeeX4Diwz-cLTPJb-w:1r3znq:P2ig95kcTHWS8mdoBolUtrloQcqoxo6O8psJA3BInBY	2023-12-01 15:26:38.572809+01
s266roaq2nxjulan2qvfrmu5tokw5n72	.eJyrViotTi2Kz8xLy1eyqlZKyywqLonPS8xNVbJS8nMP9fR191fSUcpJRIiGe_oE-_sBBVNzEzNzgAJ56aWZuen5euWZOcX5eQ5picnFyZmpecmpxbqllYZ6yblAtbmJJUWZyaU5IAOMDEuMLMyMlGprAW5zKcs:1rLHWr:8ad2r3GQe0yj_27HyfQAbKzIM5Sdrg66zy2ZzhEKh8U	2024-01-18 07:48:33.552571+01
1cwbgen659322s12pd451szqfeklcgb4	.eJxFyjEKwCAMQNG7ZK6Frk69iYQQ24CmYHQo4t0rXZw-PH6HZlyCaHzAd4hSrAbFzOAB9UooBhskXMpTxe6pnFHS-s6IZCSsxObae-yU55SxFqGWOLD-r5sd4wMILSoZ:1rLI0a:C_hLvG79Y3zbfqhKDZ-Yn3XgI3xvXKvLr4OQ0b8l6sY	2024-01-18 08:19:16.316493+01
66gm0c6ul3gyvm0u99ngdgfpq4o0pkn7	.eJxVjsFuwyAQRP9lzykCQ0KdU9V7vwEtyxLT2iAZc2ii_HuwGqnK9b2Z0dygVV5dyrHA-QYxrXVzGReGM2y1-CvDAWb8h232vG4d8oJp7iAnmrh5EZEqJc7E9a39qo_L7gUtPbrgtiZqMzvOvaHUOoxGGrgfwGHbJvf3IXQ3wAvzSD-cdxG-MV-KoJL7lhd7RDxtFV8l8Pz5zL4MTFin3tZKak18jDpqOUYKeDSjsu8qBjXQEC0HPAWr_MhGI0lvR3tSFHQwVkpJcH8An99i2g:1rJC90:71bBKFJlLREXCbrSLSroCWO6gt-WJhF4QV8dFangH2Q	2024-01-12 13:39:18.185602+01
wsolt9rtqmvhmcwiomxq78xkzhto2mjp	.eJxNyjEKgDAMAMC_ZLaCq5M_KSGkEm1SaO1gxb9bXHQ97oJaOHuxkGC-IEguhzdUhhk2Scp7shUGiPg5NrQmHVlR4j8uAamQsBEXV89pJO1N8chCNbJne7fDBvf9AKMDK5A:1rMndm:qe8ilzFjK_rmMn0XW0drszZ4A3hB-Zymi42Ai56-2_A	2024-01-22 12:17:58.628034+01
ltbvn9czmr6g8gixvexwminmy9w7lo5b	.eJxNyjEKgDAMAMC_ZLaCq5M_KSGkEm1SaO1gxb9bXHQ97oJaOHuxkGC-IEguhzdUhhk2Scp7shUGiPg5NrQmHVlR4j8uAamQsBEXV89pJO1N8chCNbJne7fDBvf9AKMDK5A:1rMnei:EXyuRhGTZHlpatJc7mSSiB7Cqlge9w4kYk54usVAeAM	2024-01-22 12:18:56.760279+01
y2tnhwwb3r50ke117zzo73uh69v2uzel	.eJxFzDEKgDAMQNG7ZFZRoSBO3kRCSDGQVGjaQcS7qzi4Pj7_hOqcV0lxh_mEKNnLmtAYZii0oQk0oPij75lV-VE2FP2l-_IlIjkJJ2Jv6zF0ZE9rWLJQ1fcw9nWcQoDrugHiTysh:1rN4Kv:chJLiF7aOidgP1bOnavkdlBF1n9Fh5NxX66W4_q5ezg	2024-01-23 06:07:37.926008+01
\.


--
-- Data for Name: document; Type: TABLE DATA; Schema: public; Owner: postgres
--

COPY public.document (id_doc, titre, date_doc, description, matricule_en, file) FROM stdin;
2	reseau sans fil  Ec2	2024-01-04	Travaux pratique reseau. 	11r29404	HCIA-WLAN_V3.0_Lab_Guide.pdf
3	INF311	2024-01-04	suite du cours	nz-ar	DOC4-matlab_introduction_lausane.pdf
4	INF311	2024-01-04	commande 	nz-ar	DOC2-octave_annexeA.pdf
5	INF331	2024-01-04	TP_modelisation	nz-ar	Practice-2-1.pdf
6	INF351	2024-01-04	Planification du cout d'un projet	nz-ar	Généralités_sur_la_gestion_de_sprojets_Informatiques.pdf
7	321	2024-01-08	algorithme_3	ji-az	handout.pdf
8	doc 1 inf331	2024-01-09	les licences d'un logiciel	ji-az	1-softwareLicence.en.fr.pdf
9	tp	2024-01-09		ji-az	Practice-2-1.en.fr.pdf
\.


--
-- Data for Name: enseignant; Type: TABLE DATA; Schema: public; Owner: postgres
--

COPY public.enseignant (matricule_en, nom, prenom, email, sexe, mot_de_passe_ensei, last_login) FROM stdin;
11r29404	tsobze	ulbert	nicheub.facsciences-uy1@gmail.cm	h	pbkdf2_sha256$600000$8NGwDdU1XLeqZfX4P460kS$p1oKIHfIDfeYh7gCs/e9eh+Uml7TSwRkzmbI2hXlt3c=	2023-12-08 22:14:46.442616+01
me-pa	melatagia	paulin	melatagiapaulin@facsciences-uy1.cm	h	pbkdf2_sha256$600000$w342UTyC2MKr0CcXtV9ksC$2QYlWeMI788z7mMRrkqOeiJ0/LEiV/jiP1nR7Ff+7pk=	2024-01-03 13:28:32.201284+01
ji-az	jiomekong	azanzi	jiomekong@facsciences-uy1.cm	h	pbkdf2_sha256$600000$UPQxpYy59xe3bVqSXAp7zx$iAnuSfpJ3705ttwSv9DB2Aj4B2gr+57ar/BWTmlyW3U=	2024-01-03 13:35:44.722135+01
am-ha	aminou	halidou	aminou@facsciences-uy1.cm	h	pbkdf2_sha256$600000$xAuEGBMvjOgVt6kN4b1FyC$W6pZV6g5nvVP11DBiUo8FpHe8bcEuzh/DtxCyu2dfEM=	2024-01-03 17:06:37.933699+01
ab-gh	abessolo	ghislain	abessolo@facsciences-uy1.cm	h	pbkdf2_sha256$600000$9Lpd3rmHVeA0KXCbgvZOUf$i4uk9dZOhuhqCFKhEQi5YF/eyAtT+RNFJp/wFZMQevY=	2024-01-04 04:57:01.47075+01
do-ro	domga	rodrigue	domga@facsciences-uy1.cm	h	pbkdf2_sha256$600000$e9vdK92eEZQrVzCdQzJ5XO$jNJI6vPhh22yZIzav+4/LWLQu3AV1KPKJqV32WFZk6k=	2024-01-04 05:09:59.60565+01
ng-me	nguele	messi	messi@facsciences-uy1.cm	h	pbkdf2_sha256$600000$ihgD5Cn2paQRDBWVeqlrlq$9EbNjFjQBkKo1N3koURZf5+I8FzS9SQ98XYhbm6I9T4=	2024-01-04 05:17:42.339782+01
mo-va	monthe	valery	monthe@facsciences-uy1.cm	h	pbkdf2_sha256$600000$eLlghK7ZP9BTK7goYaQy3b$t1wIt7cC9oL4p6yIV7Z8hDupcQ2lpuYElDL/TdVi3vQ=	2024-01-04 05:23:04.184533+01
nd-re	ndoundam	rene	ndoundam@facsciences-uy1.cm	h	pbkdf2_sha256$600000$CYdECrALG31u9SNa24nVqa$ky/jEWwxmTyuxaTWTGqB16RvneyF8uRZL70sYK6GbVs=	2024-01-04 05:24:03.722931+01
da-pp	dame	ppe	dame@facsciences-uy1.cm	f	pbkdf2_sha256$600000$NkXge5HZpAhIh0E2qEnDVS$YACuszlocx0mGtBBMM60obJum6xiLm5xqr824zbYyZM=	2024-01-04 05:26:15.497094+01
ha-ad	hamza	adamou	hamza@facsciences-uy1.cm	h	pbkdf2_sha256$600000$34Imn61e82dLkq7lq89gIf$gHkN7mhrAtMFwgbm8JCf6b+Hcsh/QcRrj1iaLFiPcPY=	2024-01-04 05:28:05.449047+01
an-en	anglais	english	anglais@facsciences-uy1.cm	h	pbkdf2_sha256$600000$hPDU7r7No8LCjITObJTbbj$zjrxUccLiXlyY7V0p+v695bVRlmDfNpMITy6b5XaDyI=	2024-01-04 05:29:17.17393+01
eb-se	ebele	serge	ebele@facsciences-uy1.cm	h	pbkdf2_sha256$600000$L2ggDsMSlKA0s6s3s0bFFv$VKiJw0ynT0o3X4ADrscpX5TUEVl8jgOBDcyyeA2nhKo=	2024-01-04 05:32:35.472404+01
ts-no	tsopze	nobert	tsopze@facsciences-uy1.cm	h	pbkdf2_sha256$600000$eQCXpXi8XOjwmMv7D4xB6k$NHLOErTqJUYMl2ErZQ8r5MfFc23SWgfCPX4F0RdAIN0=	2024-01-04 05:49:57.91064+01
nz-ar	nzekong	armel	nzekong@facsciences-uy1.cm	h	pbkdf2_sha256$600000$M3Qpmn2jPUALqHmqHkDFTI$GOUCXIalnJ4jeynPXlm4gS/J/RitGsrqs6q6povycsU=	2024-01-04 05:55:11.927967+01
et-a	tams	dedie	didie@facsciences-uy-1.cm	h	pbkdf2_sha256$600000$W4nDYrHnLSVM7F3ggeHQeq$moLBMcUo9Rz1R3003/RY7JETfPCdjiFb5X7MKAuPPWY=	2024-01-05 21:52:46.181207+01
20u2900	so	tch	sorelletamen8@gmail.com	h	pbkdf2_sha256$600000$BvfK1hcZ88CnlGmvAXUtDR$LrAc1pYwz7YkcRT1LlQAOkgtAqjTWumz4sxwJbL9G+A=	2024-01-05 21:56:54.351713+01
\.


--
-- Data for Name: ent_infoConnect_resetlink; Type: TABLE DATA; Schema: public; Owner: postgres
--

COPY public."ent_infoConnect_resetlink" (id, token, expiration_time, content_type_id, object_id, user_type) FROM stdin;
1	bxlb3m-39de36a5c76e6bf5b32d6410f4b4e01a	2023-11-13 08:23:46.076841+01	11	20u2855	
2	bxlctk-8d89ffa05de82f9fb5b6fd36bdbef9cf	2023-11-13 09:00:56.876339+01	11	20u2855	
3	bxlcws-7a2d17635606a49670b62fa4e8104f97	2023-11-13 09:02:52.895235+01	10	11r29401	
4	bxlgc1-856f8faa347dcc7425cfc234e234ee40	2023-11-13 10:16:49.025097+01	11	20u2855	
5	bxlggd-a0b49cb620216d179e792350874b2233	2023-11-13 10:19:25.56624+01	11	20u2855	
\.


--
-- Data for Name: etudiant; Type: TABLE DATA; Schema: public; Owner: postgres
--

COPY public.etudiant (matricule, nom, prenom, email, sexe, mot_de_passe, filiere, niveau, statut, last_login) FROM stdin;
20u2855	tchami	sorelle	sorelle.tchami@facsciences-uy1.cm	h	pbkdf2_sha256$600000$GvnzAiFBwE2r47ztU8K1hT$gJLlO40C2sEjNqENvCY4Sk4XWKrsm3P9+3xoOb8y2lQ=	INFO	l3	pas_délégue	2023-11-13 07:49:34.136894+01
19u5907	Aura	Shall	aura.shall@facsciences-uy1.cm	\N	pbkdf2_sha256$600000$AcVq0tPvsnD2uYL1gIbx3k$GNRtluvqM4mtVeurkS7E8R7IkHFwjU0ZMjnq+5oojeQ=	\N	\N	\N	2024-01-04 07:43:29.401689+01
21t2158	Wilhelmina	Yandell	wilhelmina.yandell@facsciences-uy1.cm	\N	pbkdf2_sha256$600000$vgJgHz2KpyBUy2R4nGi07J$S+BvdBUh4fj7jGwjt/C/1bHKPCt+eirJsf/HLbfmfk0=	\N	\N	\N	2024-01-04 07:43:29.973106+01
17t1173	Suki	Verick	suki.verick@facsciences-uy1.cm	\N	pbkdf2_sha256$600000$OD4FsWl2UJFQNCNGAdn5Vd$hnOoIV3ZC8sa+dibDZY+FOwAEv5QYHT7wgGPvCCcPL0=	\N	\N	\N	2024-01-04 07:43:30.506387+01
21s4397	Flo	Becerra	flo.becerra@facsciences-uy1.cm	\N	pbkdf2_sha256$600000$nrAR6Uc6qO0JtrkFeS3U03$7mTMa03YMIVVGuhKqFJKU7MfRSrhQIC++o9X0nZBFfE=	\N	\N	\N	2024-01-04 07:43:31.075573+01
20s7401	Debera	Buckthorpe	debera.buckthorpe@facsciences-uy1.cm	\N	pbkdf2_sha256$600000$CV6IwMi8wio0FeAOCbeOB8$iU9f+ysFIRmrhkuEkeRfCAFI+RUJthIF55kW6hTed64=	\N	\N	\N	2024-01-04 07:43:31.857954+01
22s7944	Orbadiah	Zannotelli	orbadiah.zannotelli@facsciences-uy1.cm	\N	pbkdf2_sha256$600000$cSTCKp8vgCYYaX1DYssIHR$IlyJfLd1GSN6CwcdpCVnP7MI5IAlw951T2P8oqkmZr8=	\N	\N	\N	2023-12-29 07:26:07.904764+01
21s6959	Lenka	Brisseau	lenka.brisseau@facsciences-uy1.cm	\N	pbkdf2_sha256$600000$qTZ0EWJterbZxoMrUvDBnd$lHqd/gO9VmemWDTxT1Qjeo4zLo+Jy+IJBPZd2VHZfEo=	\N	\N	\N	2023-12-29 07:26:08.430962+01
18t1699	Jess	Hatch	jess.hatch@facsciences-uy1.cm	\N	pbkdf2_sha256$600000$uLV9KSv5VHkQH4ug9HPCME$2bHzNLSqbegCzxWi2WLolOjIHFC9wVebCpoQG6dXGck=	\N	\N	\N	2023-12-29 07:26:08.946275+01
21u3079	Isis	Fassbender	isis.fassbender@facsciences-uy1.cm	\N	pbkdf2_sha256$600000$qyBdGtzn72OiDAHD4SKl2C$6Ct7ZQGEg44yB0BAQ6UrYfDEOk5YphKWoCBRgM2Wj+U=	\N	\N	\N	2023-12-29 07:26:09.429237+01
21t4985	Jelene	Pashler	jelene.pashler@facsciences-uy1.cm	\N	pbkdf2_sha256$600000$xjV5bqjOqb4Af3UUXAp5K5$m7V+1VAQRUUg+Fsx5p4pfUvQIiGRQtpnnT0zV5iEpOU=	\N	\N	\N	2023-12-29 07:26:09.928275+01
18t2660	Adrianne	Stegers	adrianne.stegers@facsciences-uy1.cm	\N	pbkdf2_sha256$600000$QVBJ1JoJyesMI2eXoN5DYo$tMllxHACmjuNQQMmnGjC8ScJ8FvbocpNd+iKPcJ2m6Q=	\N	\N	\N	2023-12-29 07:26:10.440501+01
21v0455	Vyky	Crennan	vyky.crennan@facsciences-uy1.cm	\N	pbkdf2_sha256$600000$1ObosUBRSl6zs3NKAhMHrx$xoZtiCjcaWAp5UMdWePWLOsCjFchndp9nTZye4qkwWY=	\N	\N	\N	2023-12-29 07:26:10.920564+01
14v0993	Gabe	Iceton	gabe.iceton@facsciences-uy1.cm	\N	pbkdf2_sha256$600000$EHbtDVr1qPJyjcrONXAgPt$5o9r/+r6r6FdOuP8DK4mYmKDM0gEuSp56oN0swNVO+E=	\N	\N	\N	2023-12-29 07:26:11.418586+01
22s4254	Yetty	Thorius	yetty.thorius@facsciences-uy1.cm	\N	pbkdf2_sha256$600000$XXhz9GrLHqwj8hDr9QrmeD$Uza3NDT9LoIMJ8Ng2nUpbSi3JaVEjsSnlnIk5fU2W+A=	\N	\N	\N	2023-12-29 07:26:11.89773+01
21t2862	NGUIMGO	WILSON	nguimgo.wilson@facsciences-uy1.cm	\N	pbkdf2_sha256$600000$7EysQwAojhjX1OZZco5vFu$kXCSa0a7KB/CsQloTyY1JyVB291VDGGpZuPBhtpAeSE=	\N	\N	\N	2023-12-29 07:40:48.983669+01
21t2284	kamdem	ivan	ivan.kamdem@facsciences-uy1.cm	h	pbkdf2_sha256$600000$sUAOMvr6LTEloFWG27E0ps$yrtWx2jpD3uZqdh/5cQDX8GvsF/9AFVv6ac2x6yPyqo=	INFO	l3	pas_délégue	2024-01-03 13:14:45.876859+01
21v8623	Gabie	Wolters	gabie.wolters@facsciences-uy1.cm	\N	pbkdf2_sha256$600000$cumy2lYl3MA8scq2RtAePH$4ThE5fi3CtVVU+DrpR3tEMh5q/ZQQxLWi4Edbawfzn0=	\N	\N	\N	2024-01-04 07:43:28.692101+01
17u9001	Hanna	Olsson	hanna.olsson@facsciences-uy1.cm	\N	pbkdf2_sha256$600000$nhHViBOEVFTASakW92akUZ$EEEe2RDJuNj9YQIxHRzrNTum4nYw/rI0QnY7RPJfYLs=	\N	\N	\N	2024-01-04 07:43:32.466043+01
21s2146	Hubert	Wills	hubert.wills@facsciences-uy1.cm	\N	pbkdf2_sha256$600000$hXM36IJV496MLndPsI5R1F$8STYOEO1Vo60BX8QNMY2L5IwTIC7Rck4U1tIx6cGYnQ=	\N	\N	\N	2024-01-04 07:43:33.011239+01
21s0320	Austin	Cowlam	austin.cowlam@facsciences-uy1.cm	\N	pbkdf2_sha256$600000$zcRicLcKI0VmOcBrUqKCZ4$K+GjSsu8+diisXjIbfXD9dmlNvAT6V1TtdZBkW0NGec=	\N	\N	\N	2024-01-04 07:43:33.873118+01
23t2231	Walton	Nassey	walton.nassey@facsciences-uy1.cm	\N	pbkdf2_sha256$600000$aE1baKHcWkk6cpZRMHevkM$UypFN/cusKI7sdtIeoBABdy3BI7bEHswnr4wsfdVRsQ=	\N	\N	\N	2024-01-04 07:43:34.694896+01
14u9945	Arvie	Duffet	arvie.duffet@facsciences-uy1.cm	\N	pbkdf2_sha256$600000$UyTUT3ucM1DR50Od3Pn44t$kwEs+MeFt+4COUwLSWph6+ksERLK0UbAsXcuQROSSnU=	\N	\N	\N	2024-01-04 07:43:36.082492+01
21u8192	Adriana	Simoens	adriana.simoens@facsciences-uy1.cm	\N	pbkdf2_sha256$600000$S41OKO5oxrl148bSAQfXzO$0qK4HefCx80ZJWhzwTMjgT5IrlXMZEmzik1HzR69uc4=	\N	\N	\N	2024-01-04 07:43:36.706418+01
21v1895	Barnabe	Buxcy	barnabe.buxcy@facsciences-uy1.cm	\N	pbkdf2_sha256$600000$Ld7cXnnDrJog6ThC9lGgzH$CfZLb6EC0iN8ZNVWPlZoHxFnEzXaIdmHsMTppnMc7OE=	\N	\N	\N	2024-01-04 07:43:37.227149+01
21u0229	Mae	Reolfo	mae.reolfo@facsciences-uy1.cm	\N	pbkdf2_sha256$600000$xgqegsxX9dSSAiLAUBL9I0$bAc4we6pNK7KpOhKnhxdCLfMs+uVxHxpwsNrpgwklc8=	\N	\N	\N	2024-01-04 07:43:37.853359+01
21u1896	Laura	Beever	laura.beever@facsciences-uy1.cm	\N	pbkdf2_sha256$600000$q4lU5tzhzwiIAlAZawy2Bv$frk6M4aJLhqJ14dMkZzu9U75llUZxaobdNeDwtSi5yQ=	\N	\N	\N	2024-01-04 07:43:38.385578+01
21s3570	Gusta	Emloch	gusta.emloch@facsciences-uy1.cm	\N	pbkdf2_sha256$600000$FQfFdClBKiiy3gkMz20Z5b$AanRIM98OGgixCvYN3a0v9rojeNzzLaAdi5SA7bDXAI=	\N	\N	\N	2024-01-04 07:43:39.076792+01
21u7531	Stepha	Logan	stepha.logan@facsciences-uy1.cm	\N	pbkdf2_sha256$600000$H675dTPmHyLd0N6xCH6DoE$EaPFvvEiz2XsBah8KpcDRT3X7OEZTGJof7W7C4ySy1k=	\N	\N	\N	2024-01-04 07:43:39.671783+01
21u8159	Brien	Bugs	brien.bugs@facsciences-uy1.cm	\N	pbkdf2_sha256$600000$flBKHOJ8Kcw6reRPzkVikY$Idl2UPAeuqr0trkRIGnDIwLAs+5YxgN17i05nkvovwQ=	\N	\N	\N	2024-01-04 07:43:40.184759+01
17s7049	Maiga	Impson	maiga.impson@facsciences-uy1.cm	\N	pbkdf2_sha256$600000$eKJNnFCgZLT3luxMKjCqcz$IoTVL7jH2GjKXtrf0yA5WIjXP/btLO60htg3PNZn0Qc=	\N	\N	\N	2024-01-04 07:43:40.807074+01
21s7149	Ilyssa	Coulbeck	ilyssa.coulbeck@facsciences-uy1.cm	\N	pbkdf2_sha256$600000$56g61Im7Rb8KDjC3BmFznV$QjEqOWr7FgKIFWgFZ+YRDczYzNqPvbbe8cZcFsCmXqI=	\N	\N	\N	2024-01-04 07:43:41.34458+01
21t2032	Nehemiah	Bould	nehemiah.bould@facsciences-uy1.cm	\N	pbkdf2_sha256$600000$QcI3kIrRWDV1QnjSTTD16e$AlI65gUiB+NHEVDdskAqLOEOYS0Pq1GksA/cRR8b/+4=	\N	\N	\N	2024-01-04 07:43:42.144747+01
21v1799	Creighton	Windas	creighton.windas@facsciences-uy1.cm	\N	pbkdf2_sha256$600000$M92FiPaL3tfmnLE0UDt4ap$q460fo2b5cVf7sm8970OByslwFgcsXTjM9fBGdaZ4iU=	\N	\N	\N	2024-01-04 07:43:42.75912+01
17s2688	Jacquenette	Lammenga	jacquenette.lammenga@facsciences-uy1.cm	\N	pbkdf2_sha256$600000$5ykCrJjpT9HlPNhTaaP0FO$NZ5z25bSyXlftiKl8jrCNztKkOTRIy1i+gzVKSL9yXk=	\N	\N	\N	2024-01-04 07:43:43.492472+01
21u5780	Matthias	Pothergill	matthias.pothergill@facsciences-uy1.cm	\N	pbkdf2_sha256$600000$WyzVqVPRCHr9k5kjJQCPfg$KYhPFVw34qhIaq6dQP1mlcEtplVr4EUXNf4CsCSoyaw=	\N	\N	\N	2024-01-04 07:43:44.051875+01
14s1742	Rebeka	Otteridge	rebeka.otteridge@facsciences-uy1.cm	\N	pbkdf2_sha256$600000$KiUM7tktma3yyXzPY8pvJg$J2eiYScp55xosfTkUNUMeUQSUhwSxzfo8d1R4muVvtw=	\N	\N	\N	2024-01-04 07:43:44.666979+01
22t1390	Cindra	Bartelli	cindra.bartelli@facsciences-uy1.cm	\N	pbkdf2_sha256$600000$rWQJsdS5i4xOSp1KfLpV6V$JaNsHWLErB6xDyMXCbhbmyz8OtQ87k9NHuNUn/JlB5g=	\N	\N	\N	2024-01-04 07:43:45.210592+01
22t9244	Dorey	Scheu	dorey.scheu@facsciences-uy1.cm	\N	pbkdf2_sha256$600000$XyngODRrvb7jp4B7JvAlrC$VCNNunkcyRhel3M6p95rKA99xMrYMxlnm4sKPDSe+HA=	\N	\N	\N	2024-01-04 07:43:45.849453+01
21s0330	Jakie	Dixson	jakie.dixson@facsciences-uy1.cm	\N	pbkdf2_sha256$600000$dlXBPuvzpWzpWBx50BIp33$+8BmeIyeXMMeKa3/T+rA89Tm3tPs1yzvaI/O8NWtwp4=	\N	\N	\N	2024-01-04 07:43:46.391822+01
20u1616	Lydia	Lenham	lydia.lenham@facsciences-uy1.cm	\N	pbkdf2_sha256$600000$oR4oTbQ4xbUIzIKXbhrcwg$s1XE3E5At+LrAcrwMNz4UeqsO9YJbg4Om1EWUalbLK8=	\N	\N	\N	2024-01-04 07:43:46.924755+01
21s1724	Bronnie	de Clerk	bronnie.de clerk@facsciences-uy1.cm	\N	pbkdf2_sha256$600000$1yHCE1cZ9kGNhbbUxq7Rmp$DP5ptdc34vJfh1SjSeGvy5q+UIqKCjH1V4m4yMJB5lk=	\N	\N	\N	2024-01-04 07:43:47.537309+01
19u5796	Cristen	Ruttgers	cristen.ruttgers@facsciences-uy1.cm	\N	pbkdf2_sha256$600000$PfABXHlKml8XCbe8MCMdRU$/dxA6qlUqQaYxQY4e2dM7DAuqIeaH53c0oE5E5A5TlA=	\N	\N	\N	2024-01-04 07:43:48.142267+01
17s0862	Lilia	Vanyukov	lilia.vanyukov@facsciences-uy1.cm	\N	pbkdf2_sha256$600000$Iumg1pvOTpdUMmmgBTrr0y$v2lUF05DUlt+61bXf0rPX+dM2vtSHdCHXVsVreZTqJM=	\N	\N	\N	2024-01-04 07:43:48.67822+01
21t8930	Gabey	Pitrelli	gabey.pitrelli@facsciences-uy1.cm	\N	pbkdf2_sha256$600000$gMtaQLQwD5yQhp3OMDrOkg$xt0bNvhEsG+ktc5ngNC1BNgVovhw6PRu+/eyvBwbLws=	\N	\N	\N	2024-01-04 07:43:49.174927+01
21v9600	Anton	Apple	anton.apple@facsciences-uy1.cm	\N	pbkdf2_sha256$600000$OWvgRBtPjrGgoHVOXsBK3Q$7Z6HMrDWFOioAPTOLTgVJXseyyfJbEMV4e73Aqu6g00=	\N	\N	\N	2024-01-04 07:43:49.655692+01
21s9091	Andrej	Dowse	andrej.dowse@facsciences-uy1.cm	\N	pbkdf2_sha256$600000$tJ3NMaoiwSw1BBwyouR8Gu$X0YtGqk62onsIXGM/9hP2c8cZnslmTKavzJxvHmOExc=	\N	\N	\N	2024-01-04 07:43:50.156472+01
19t6541	Jamesy	Stallion	jamesy.stallion@facsciences-uy1.cm	\N	pbkdf2_sha256$600000$15RICRSQENnENYPE9zZMr8$08aG1weT4x6vViVpDuTPToSByHF2uOSnJgHksiuMzj8=	\N	\N	\N	2024-01-04 07:43:50.661686+01
21s8363	Andi	Wickman	andi.wickman@facsciences-uy1.cm	\N	pbkdf2_sha256$600000$YdidTIoj20tGUvRiDM5MYV$2dTHlSS7lfetALjoWyrt3tl5av8LEXqbRarXdY5egqc=	\N	\N	\N	2024-01-04 07:43:51.150549+01
21u5740	Inez	Amber	inez.amber@facsciences-uy1.cm	\N	pbkdf2_sha256$600000$uFKBrHusDkf4vV8Hh15auv$tTLil79HCL7YVKRd5z9+K0nd8YfPL2hbA4f0bJ+nV5s=	\N	\N	\N	2024-01-04 07:43:51.661725+01
18v1178	Blancha	Cluney	blancha.cluney@facsciences-uy1.cm	\N	pbkdf2_sha256$600000$1vZTp4R0lmxV1pKa6oxCdu$fJrO1LYwKm5NTd7JBEgdindY84XBljGG72bq+jgJBVY=	\N	\N	\N	2024-01-04 07:43:52.154478+01
19u6670	Lyndy	Stuffins	lyndy.stuffins@facsciences-uy1.cm	\N	pbkdf2_sha256$600000$wJCzQcsuOoLAYgAWRqLLXN$x6TPacHY+pYyreRoJFQK92VbLcsarNKRwqeA54swJ88=	\N	\N	\N	2024-01-04 07:43:52.666107+01
21u0266	Fiorenze	Houlden	fiorenze.houlden@facsciences-uy1.cm	\N	pbkdf2_sha256$600000$PsatDjNdE3qmavxfux9L7G$WXNCal9Hro8REvR/CbPNyvmlJouuvTgzF96Ab4xIbUA=	\N	\N	\N	2024-01-04 07:43:53.156855+01
17s8348	Nichol	Craft	nichol.craft@facsciences-uy1.cm	\N	pbkdf2_sha256$600000$IUcjmjsfIPP3oGNRdQahpP$VHRuZxI3ViQrAHxe12/PdCzSUQdhoYEldxuI+BZpxeE=	\N	\N	\N	2024-01-04 07:43:53.684044+01
17u0939	Arlette	Lill	arlette.lill@facsciences-uy1.cm	\N	pbkdf2_sha256$600000$FFkEz14bkWZuBIvE2Gyrxy$nGMtf1J04DtnKWsnnKMIbkKQ32/yd9PPscN604xhURA=	\N	\N	\N	2024-01-04 07:43:54.21059+01
23v6126	Celie	Lambertson	celie.lambertson@facsciences-uy1.cm	\N	pbkdf2_sha256$600000$A5RXFh1oGpxDFP94sDZGKr$T8cL5y0MG68ID8XeS9mXB0q8Kr5qGAKYWMMEnGhexq4=	\N	\N	\N	2024-01-04 07:43:54.697166+01
21s6099	Evania	Loeber	evania.loeber@facsciences-uy1.cm	\N	pbkdf2_sha256$600000$spoTeSI5nrvpJhMFLQlGdL$bu19iRwm2+SXCrp2auUJDVP+/3Ia6QifGPxCaIIDn3Q=	\N	\N	\N	2024-01-04 07:43:55.190142+01
21v5392	Gabrielle	Wonter	gabrielle.wonter@facsciences-uy1.cm	\N	pbkdf2_sha256$600000$BZYCuxYzKTNDpqBEfFKqbc$fAz6VuKOHbn2jpsJOZAKFqgKxWRGGGWbUw4jj7fAW4w=	\N	\N	\N	2024-01-04 07:43:55.718094+01
22t3854	Verla	Hovell	verla.hovell@facsciences-uy1.cm	\N	pbkdf2_sha256$600000$L908R91gmpFAGdUDjA7JHu$cWLzJb5DvYG9kgnLsYGHPC1UlwPCmDQ7LSylPP5X3mg=	\N	\N	\N	2024-01-04 07:43:56.218889+01
22u5031	Toby	Matzke	toby.matzke@facsciences-uy1.cm	\N	pbkdf2_sha256$600000$GguYZkTu2a6GwnRbMQFIUT$mx4BC00BTMXV7PuSXoqKs2ZFg3mcFI8n0ioEUVJOVYg=	\N	\N	\N	2024-01-04 07:43:56.724442+01
20t0159	Baudoin	Bowmaker	baudoin.bowmaker@facsciences-uy1.cm	\N	pbkdf2_sha256$600000$LQBkxhQTrwrz8dZOqmPq7J$p0J1k6uI1VwsSmp3wdopD7eHGAMaxu3diqr30O10b5E=	\N	\N	\N	2024-01-04 07:43:57.20361+01
\.


--
-- Data for Name: note; Type: TABLE DATA; Schema: public; Owner: postgres
--

COPY public.note (id_note, examen, valeur, date_fin, date_deb, code_ue, matricule, matricule_en) FROM stdin;
64	cc	17.73	2024-01-11	2024-01-04	INF311	21v8623	nz-ar
65	tps	17.56	2024-01-11	2024-01-04	INF311	21v8623	nz-ar
66	examen	19.14	2024-01-11	2024-01-04	INF311	21v8623	nz-ar
67	cc	1.31	2024-01-11	2024-01-04	INF311	19u5907	nz-ar
68	tps	8.02	2024-01-11	2024-01-04	INF311	19u5907	nz-ar
69	examen	4.45	2024-01-11	2024-01-04	INF311	19u5907	nz-ar
70	cc	2.87	2024-01-11	2024-01-04	INF311	21t2158	nz-ar
71	tps	21.46	2024-01-11	2024-01-04	INF311	21t2158	nz-ar
72	examen	6.06	2024-01-11	2024-01-04	INF311	21t2158	nz-ar
73	cc	1.61	2024-01-11	2024-01-04	INF311	17t1173	nz-ar
74	tps	22.49	2024-01-11	2024-01-04	INF311	17t1173	nz-ar
75	examen	6.19	2024-01-11	2024-01-04	INF311	17t1173	nz-ar
76	cc	19.28	2024-01-11	2024-01-04	INF311	21s4397	nz-ar
77	tps	19.47	2024-01-11	2024-01-04	INF311	21s4397	nz-ar
78	examen	13.69	2024-01-11	2024-01-04	INF311	21s4397	nz-ar
79	cc	1.44	2024-01-11	2024-01-04	INF311	20s7401	nz-ar
80	tps	22.83	2024-01-11	2024-01-04	INF311	20s7401	nz-ar
81	examen	7.91	2024-01-11	2024-01-04	INF311	20s7401	nz-ar
82	cc	12.88	2024-01-11	2024-01-04	INF311	17u9001	nz-ar
83	tps	0.33	2024-01-11	2024-01-04	INF311	17u9001	nz-ar
84	examen	41.44	2024-01-11	2024-01-04	INF311	17u9001	nz-ar
85	cc	6.93	2024-01-11	2024-01-04	INF311	21s2146	nz-ar
86	tps	10.19	2024-01-11	2024-01-04	INF311	21s2146	nz-ar
87	examen	8.21	2024-01-11	2024-01-04	INF311	21s2146	nz-ar
88	cc	11.41	2024-01-11	2024-01-04	INF311	21s0320	nz-ar
89	tps	21.40	2024-01-11	2024-01-04	INF311	21s0320	nz-ar
90	examen	32.43	2024-01-11	2024-01-04	INF311	21s0320	nz-ar
91	cc	1.36	2024-01-11	2024-01-04	INF311	23t2231	nz-ar
92	tps	14.78	2024-01-11	2024-01-04	INF311	23t2231	nz-ar
93	examen	27.93	2024-01-11	2024-01-04	INF311	23t2231	nz-ar
94	cc	6.87	2024-01-11	2024-01-04	INF311	14u9945	nz-ar
95	tps	15.10	2024-01-11	2024-01-04	INF311	14u9945	nz-ar
96	examen	40.91	2024-01-11	2024-01-04	INF311	14u9945	nz-ar
97	cc	6.36	2024-01-11	2024-01-04	INF311	21u8192	nz-ar
98	tps	1.71	2024-01-11	2024-01-04	INF311	21u8192	nz-ar
99	examen	47.61	2024-01-11	2024-01-04	INF311	21u8192	nz-ar
100	cc	10.55	2024-01-11	2024-01-04	INF311	21v1895	nz-ar
101	tps	29.90	2024-01-11	2024-01-04	INF311	21v1895	nz-ar
102	examen	24.99	2024-01-11	2024-01-04	INF311	21v1895	nz-ar
103	cc	14.83	2024-01-11	2024-01-04	INF311	21u0229	nz-ar
104	tps	16.06	2024-01-11	2024-01-04	INF311	21u0229	nz-ar
105	examen	24.75	2024-01-11	2024-01-04	INF311	21u0229	nz-ar
106	cc	13.75	2024-01-11	2024-01-04	INF311	21u1896	nz-ar
107	tps	21.31	2024-01-11	2024-01-04	INF311	21u1896	nz-ar
108	examen	32.31	2024-01-11	2024-01-04	INF311	21u1896	nz-ar
109	cc	15.09	2024-01-11	2024-01-04	INF311	21s3570	nz-ar
110	tps	3.54	2024-01-11	2024-01-04	INF311	21s3570	nz-ar
111	examen	6.86	2024-01-11	2024-01-04	INF311	21s3570	nz-ar
112	cc	11.95	2024-01-11	2024-01-04	INF311	21u7531	nz-ar
113	tps	15.20	2024-01-11	2024-01-04	INF311	21u7531	nz-ar
114	examen	12.56	2024-01-11	2024-01-04	INF311	21u7531	nz-ar
115	cc	12.15	2024-01-11	2024-01-04	INF311	21u8159	nz-ar
116	tps	27.76	2024-01-11	2024-01-04	INF311	21u8159	nz-ar
117	examen	30.95	2024-01-11	2024-01-04	INF311	21u8159	nz-ar
118	cc	17.12	2024-01-11	2024-01-04	INF311	17s7049	nz-ar
119	tps	11.52	2024-01-11	2024-01-04	INF311	17s7049	nz-ar
120	examen	7.28	2024-01-11	2024-01-04	INF311	17s7049	nz-ar
121	cc	4.38	2024-01-11	2024-01-04	INF311	21s7149	nz-ar
122	tps	13.43	2024-01-11	2024-01-04	INF311	21s7149	nz-ar
123	examen	28.75	2024-01-11	2024-01-04	INF311	21s7149	nz-ar
124	cc	7.92	2024-01-11	2024-01-04	INF311	21t2032	nz-ar
125	tps	17.55	2024-01-11	2024-01-04	INF311	21t2032	nz-ar
126	examen	38.72	2024-01-11	2024-01-04	INF311	21t2032	nz-ar
127	cc	12.14	2024-01-11	2024-01-04	INF311	21v1799	nz-ar
128	tps	22.09	2024-01-11	2024-01-04	INF311	21v1799	nz-ar
129	examen	43.02	2024-01-11	2024-01-04	INF311	21v1799	nz-ar
130	cc	7.65	2024-01-11	2024-01-04	INF311	17s2688	nz-ar
131	tps	28.44	2024-01-11	2024-01-04	INF311	17s2688	nz-ar
132	examen	5.27	2024-01-11	2024-01-04	INF311	17s2688	nz-ar
133	cc	13.49	2024-01-11	2024-01-04	INF311	21u5780	nz-ar
134	tps	5.82	2024-01-11	2024-01-04	INF311	21u5780	nz-ar
135	examen	14.94	2024-01-11	2024-01-04	INF311	21u5780	nz-ar
136	cc	10.16	2024-01-11	2024-01-04	INF311	14s1742	nz-ar
137	tps	13.99	2024-01-11	2024-01-04	INF311	14s1742	nz-ar
138	examen	11.01	2024-01-11	2024-01-04	INF311	14s1742	nz-ar
139	cc	1.56	2024-01-11	2024-01-04	INF311	22t1390	nz-ar
140	tps	24.54	2024-01-11	2024-01-04	INF311	22t1390	nz-ar
141	examen	5.92	2024-01-11	2024-01-04	INF311	22t1390	nz-ar
142	cc	2.87	2024-01-11	2024-01-04	INF311	22t9244	nz-ar
143	tps	10.00	2024-01-11	2024-01-04	INF311	22t9244	nz-ar
144	examen	2.97	2024-01-11	2024-01-04	INF311	22t9244	nz-ar
145	cc	10.39	2024-01-11	2024-01-04	INF311	21s0330	nz-ar
146	tps	7.95	2024-01-11	2024-01-04	INF311	21s0330	nz-ar
147	examen	15.61	2024-01-11	2024-01-04	INF311	21s0330	nz-ar
148	cc	15.03	2024-01-11	2024-01-04	INF311	20u1616	nz-ar
149	tps	16.93	2024-01-11	2024-01-04	INF311	20u1616	nz-ar
150	examen	49.60	2024-01-11	2024-01-04	INF311	20u1616	nz-ar
151	cc	17.78	2024-01-11	2024-01-04	INF311	21s1724	nz-ar
152	tps	14.26	2024-01-11	2024-01-04	INF311	21s1724	nz-ar
153	examen	6.27	2024-01-11	2024-01-04	INF311	21s1724	nz-ar
154	cc	7.30	2024-01-11	2024-01-04	INF311	19u5796	nz-ar
155	tps	29.75	2024-01-11	2024-01-04	INF311	19u5796	nz-ar
156	examen	39.82	2024-01-11	2024-01-04	INF311	19u5796	nz-ar
157	cc	1.54	2024-01-11	2024-01-04	INF311	17s0862	nz-ar
158	tps	27.71	2024-01-11	2024-01-04	INF311	17s0862	nz-ar
159	examen	47.67	2024-01-11	2024-01-04	INF311	17s0862	nz-ar
160	cc	9.41	2024-01-11	2024-01-04	INF311	21t8930	nz-ar
161	tps	0.16	2024-01-11	2024-01-04	INF311	21t8930	nz-ar
162	examen	31.16	2024-01-11	2024-01-04	INF311	21t8930	nz-ar
163	cc	6.41	2024-01-11	2024-01-04	INF311	21v9600	nz-ar
164	tps	4.28	2024-01-11	2024-01-04	INF311	21v9600	nz-ar
165	examen	32.07	2024-01-11	2024-01-04	INF311	21v9600	nz-ar
166	cc	6.21	2024-01-11	2024-01-04	INF311	21s9091	nz-ar
167	tps	9.12	2024-01-11	2024-01-04	INF311	21s9091	nz-ar
168	examen	4.42	2024-01-11	2024-01-04	INF311	21s9091	nz-ar
169	cc	12.09	2024-01-11	2024-01-04	INF311	19t6541	nz-ar
170	tps	23.34	2024-01-11	2024-01-04	INF311	19t6541	nz-ar
171	examen	46.08	2024-01-11	2024-01-04	INF311	19t6541	nz-ar
172	cc	16.62	2024-01-11	2024-01-04	INF311	21s8363	nz-ar
173	tps	27.86	2024-01-11	2024-01-04	INF311	21s8363	nz-ar
174	examen	32.79	2024-01-11	2024-01-04	INF311	21s8363	nz-ar
175	cc	18.21	2024-01-11	2024-01-04	INF311	21u5740	nz-ar
176	tps	5.66	2024-01-11	2024-01-04	INF311	21u5740	nz-ar
177	examen	27.53	2024-01-11	2024-01-04	INF311	21u5740	nz-ar
178	cc	15.60	2024-01-11	2024-01-04	INF311	18v1178	nz-ar
179	tps	27.04	2024-01-11	2024-01-04	INF311	18v1178	nz-ar
180	examen	17.59	2024-01-11	2024-01-04	INF311	18v1178	nz-ar
181	cc	7.86	2024-01-11	2024-01-04	INF311	19u6670	nz-ar
182	tps	21.78	2024-01-11	2024-01-04	INF311	19u6670	nz-ar
183	examen	0.92	2024-01-11	2024-01-04	INF311	19u6670	nz-ar
184	cc	1.38	2024-01-11	2024-01-04	INF311	21u0266	nz-ar
185	tps	3.37	2024-01-11	2024-01-04	INF311	21u0266	nz-ar
186	examen	25.93	2024-01-11	2024-01-04	INF311	21u0266	nz-ar
187	cc	10.12	2024-01-11	2024-01-04	INF311	17s8348	nz-ar
188	tps	2.25	2024-01-11	2024-01-04	INF311	17s8348	nz-ar
189	examen	33.56	2024-01-11	2024-01-04	INF311	17s8348	nz-ar
190	cc	14.21	2024-01-11	2024-01-04	INF311	17u0939	nz-ar
191	tps	10.68	2024-01-11	2024-01-04	INF311	17u0939	nz-ar
192	examen	8.15	2024-01-11	2024-01-04	INF311	17u0939	nz-ar
193	cc	9.66	2024-01-11	2024-01-04	INF311	23v6126	nz-ar
194	tps	3.31	2024-01-11	2024-01-04	INF311	23v6126	nz-ar
195	examen	10.47	2024-01-11	2024-01-04	INF311	23v6126	nz-ar
196	cc	15.63	2024-01-11	2024-01-04	INF311	21s6099	nz-ar
197	tps	6.55	2024-01-11	2024-01-04	INF311	21s6099	nz-ar
198	examen	44.95	2024-01-11	2024-01-04	INF311	21s6099	nz-ar
199	cc	5.24	2024-01-11	2024-01-04	INF311	21v5392	nz-ar
200	tps	19.45	2024-01-11	2024-01-04	INF311	21v5392	nz-ar
201	examen	14.36	2024-01-11	2024-01-04	INF311	21v5392	nz-ar
202	cc	18.88	2024-01-11	2024-01-04	INF311	22t3854	nz-ar
203	tps	29.61	2024-01-11	2024-01-04	INF311	22t3854	nz-ar
204	examen	29.40	2024-01-11	2024-01-04	INF311	22t3854	nz-ar
205	cc	6.75	2024-01-11	2024-01-04	INF311	22u5031	nz-ar
206	tps	1.75	2024-01-11	2024-01-04	INF311	22u5031	nz-ar
207	examen	1.91	2024-01-11	2024-01-04	INF311	22u5031	nz-ar
208	cc	3.94	2024-01-11	2024-01-04	INF311	20t0159	nz-ar
209	tps	12.33	2024-01-11	2024-01-04	INF311	20t0159	nz-ar
210	examen	4.35	2024-01-11	2024-01-04	INF311	20t0159	nz-ar
211	cc	20.00	2024-01-11	2024-01-04	INF311	22s7944	nz-ar
212	tps	30.00	2024-01-11	2024-01-04	INF311	22s7944	nz-ar
213	examen	50.00	2024-01-11	2024-01-04	INF311	22s7944	nz-ar
214	cc	14.93	2024-01-11	2024-01-04	INF311	21s6959	nz-ar
215	tps	16.63	2024-01-11	2024-01-04	INF311	21s6959	nz-ar
216	examen	27.60	2024-01-11	2024-01-04	INF311	21s6959	nz-ar
217	cc	6.03	2024-01-11	2024-01-04	INF311	20u2855	nz-ar
218	tps	18.21	2024-01-11	2024-01-04	INF311	20u2855	nz-ar
219	examen	30.18	2024-01-11	2024-01-04	INF311	20u2855	nz-ar
220	cc	10.85	2024-01-11	2024-01-04	INF311	18t1699	nz-ar
221	tps	5.73	2024-01-11	2024-01-04	INF311	18t1699	nz-ar
222	examen	47.26	2024-01-11	2024-01-04	INF311	18t1699	nz-ar
223	cc	6.69	2024-01-11	2024-01-04	INF311	21u3079	nz-ar
224	tps	16.47	2024-01-11	2024-01-04	INF311	21u3079	nz-ar
225	examen	46.51	2024-01-11	2024-01-04	INF311	21u3079	nz-ar
226	cc	17.41	2024-01-11	2024-01-04	INF311	21t4985	nz-ar
227	tps	1.46	2024-01-11	2024-01-04	INF311	21t4985	nz-ar
228	examen	16.02	2024-01-11	2024-01-04	INF311	21t4985	nz-ar
229	cc	14.01	2024-01-11	2024-01-04	INF311	18t2660	nz-ar
230	tps	29.44	2024-01-11	2024-01-04	INF311	18t2660	nz-ar
231	examen	3.52	2024-01-11	2024-01-04	INF311	18t2660	nz-ar
232	cc	2.30	2024-01-11	2024-01-04	INF311	21v0455	nz-ar
233	tps	12.12	2024-01-11	2024-01-04	INF311	21v0455	nz-ar
234	examen	0.06	2024-01-11	2024-01-04	INF311	21v0455	nz-ar
235	cc	18.88	2024-01-11	2024-01-04	INF311	14v0993	nz-ar
236	tps	11.28	2024-01-11	2024-01-04	INF311	14v0993	nz-ar
237	examen	46.41	2024-01-11	2024-01-04	INF311	14v0993	nz-ar
238	cc	12.34	2024-01-11	2024-01-04	INF311	22s4254	nz-ar
239	tps	5.43	2024-01-11	2024-01-04	INF311	22s4254	nz-ar
240	examen	8.35	2024-01-11	2024-01-04	INF311	22s4254	nz-ar
241	cc	5.00	2024-01-11	2024-01-04	INF311	21t2862	nz-ar
242	tps	20.00	2024-01-11	2024-01-04	INF311	21t2862	nz-ar
243	examen	45.00	2024-01-11	2024-01-04	INF311	21t2862	nz-ar
244	cc	11.15	2024-01-11	2024-01-04	INF321	21v8623	mo-va
245	tps	25.91	2024-01-11	2024-01-04	INF321	21v8623	mo-va
246	examen	12.70	2024-01-11	2024-01-04	INF321	21v8623	mo-va
247	cc	14.36	2024-01-11	2024-01-04	INF321	19u5907	mo-va
248	tps	19.88	2024-01-11	2024-01-04	INF321	19u5907	mo-va
249	examen	48.45	2024-01-11	2024-01-04	INF321	19u5907	mo-va
250	cc	14.04	2024-01-11	2024-01-04	INF321	21t2158	mo-va
251	tps	25.14	2024-01-11	2024-01-04	INF321	21t2158	mo-va
252	examen	14.75	2024-01-11	2024-01-04	INF321	21t2158	mo-va
253	cc	13.60	2024-01-11	2024-01-04	INF321	17t1173	mo-va
254	tps	7.91	2024-01-11	2024-01-04	INF321	17t1173	mo-va
255	examen	37.39	2024-01-11	2024-01-04	INF321	17t1173	mo-va
256	cc	3.57	2024-01-11	2024-01-04	INF321	21s4397	mo-va
257	tps	24.58	2024-01-11	2024-01-04	INF321	21s4397	mo-va
258	examen	16.26	2024-01-11	2024-01-04	INF321	21s4397	mo-va
259	cc	17.06	2024-01-11	2024-01-04	INF321	20s7401	mo-va
260	tps	24.65	2024-01-11	2024-01-04	INF321	20s7401	mo-va
261	examen	2.83	2024-01-11	2024-01-04	INF321	20s7401	mo-va
262	cc	13.64	2024-01-11	2024-01-04	INF321	17u9001	mo-va
263	tps	15.74	2024-01-11	2024-01-04	INF321	17u9001	mo-va
264	examen	48.46	2024-01-11	2024-01-04	INF321	17u9001	mo-va
265	cc	11.36	2024-01-11	2024-01-04	INF321	21s2146	mo-va
266	tps	0.94	2024-01-11	2024-01-04	INF321	21s2146	mo-va
267	examen	37.61	2024-01-11	2024-01-04	INF321	21s2146	mo-va
268	cc	13.41	2024-01-11	2024-01-04	INF321	21s0320	mo-va
269	tps	16.63	2024-01-11	2024-01-04	INF321	21s0320	mo-va
270	examen	18.40	2024-01-11	2024-01-04	INF321	21s0320	mo-va
271	cc	2.45	2024-01-11	2024-01-04	INF321	23t2231	mo-va
272	tps	23.94	2024-01-11	2024-01-04	INF321	23t2231	mo-va
273	examen	39.51	2024-01-11	2024-01-04	INF321	23t2231	mo-va
274	cc	15.19	2024-01-11	2024-01-04	INF321	14u9945	mo-va
275	tps	5.99	2024-01-11	2024-01-04	INF321	14u9945	mo-va
276	examen	39.17	2024-01-11	2024-01-04	INF321	14u9945	mo-va
277	cc	4.94	2024-01-11	2024-01-04	INF321	21u8192	mo-va
278	tps	17.60	2024-01-11	2024-01-04	INF321	21u8192	mo-va
279	examen	4.01	2024-01-11	2024-01-04	INF321	21u8192	mo-va
280	cc	4.62	2024-01-11	2024-01-04	INF321	21v1895	mo-va
281	tps	29.17	2024-01-11	2024-01-04	INF321	21v1895	mo-va
282	examen	35.59	2024-01-11	2024-01-04	INF321	21v1895	mo-va
283	cc	6.69	2024-01-11	2024-01-04	INF321	21u0229	mo-va
284	tps	24.23	2024-01-11	2024-01-04	INF321	21u0229	mo-va
285	examen	31.65	2024-01-11	2024-01-04	INF321	21u0229	mo-va
286	cc	18.80	2024-01-11	2024-01-04	INF321	21u1896	mo-va
287	tps	25.71	2024-01-11	2024-01-04	INF321	21u1896	mo-va
288	examen	24.43	2024-01-11	2024-01-04	INF321	21u1896	mo-va
289	cc	2.60	2024-01-11	2024-01-04	INF321	21s3570	mo-va
290	tps	16.94	2024-01-11	2024-01-04	INF321	21s3570	mo-va
291	examen	38.65	2024-01-11	2024-01-04	INF321	21s3570	mo-va
292	cc	12.51	2024-01-11	2024-01-04	INF321	21u7531	mo-va
293	tps	11.38	2024-01-11	2024-01-04	INF321	21u7531	mo-va
294	examen	15.07	2024-01-11	2024-01-04	INF321	21u7531	mo-va
295	cc	6.04	2024-01-11	2024-01-04	INF321	21u8159	mo-va
296	tps	6.24	2024-01-11	2024-01-04	INF321	21u8159	mo-va
297	examen	6.47	2024-01-11	2024-01-04	INF321	21u8159	mo-va
298	cc	13.93	2024-01-11	2024-01-04	INF321	17s7049	mo-va
299	tps	6.19	2024-01-11	2024-01-04	INF321	17s7049	mo-va
300	examen	0.84	2024-01-11	2024-01-04	INF321	17s7049	mo-va
301	cc	17.42	2024-01-11	2024-01-04	INF321	21s7149	mo-va
302	tps	13.89	2024-01-11	2024-01-04	INF321	21s7149	mo-va
303	examen	7.99	2024-01-11	2024-01-04	INF321	21s7149	mo-va
304	cc	17.79	2024-01-11	2024-01-04	INF321	21t2032	mo-va
305	tps	18.81	2024-01-11	2024-01-04	INF321	21t2032	mo-va
306	examen	37.05	2024-01-11	2024-01-04	INF321	21t2032	mo-va
307	cc	18.44	2024-01-11	2024-01-04	INF321	21v1799	mo-va
308	tps	29.64	2024-01-11	2024-01-04	INF321	21v1799	mo-va
309	examen	11.20	2024-01-11	2024-01-04	INF321	21v1799	mo-va
310	cc	15.95	2024-01-11	2024-01-04	INF321	17s2688	mo-va
311	tps	7.91	2024-01-11	2024-01-04	INF321	17s2688	mo-va
312	examen	42.07	2024-01-11	2024-01-04	INF321	17s2688	mo-va
313	cc	0.85	2024-01-11	2024-01-04	INF321	21u5780	mo-va
314	tps	21.04	2024-01-11	2024-01-04	INF321	21u5780	mo-va
315	examen	7.24	2024-01-11	2024-01-04	INF321	21u5780	mo-va
316	cc	2.61	2024-01-11	2024-01-04	INF321	14s1742	mo-va
317	tps	3.01	2024-01-11	2024-01-04	INF321	14s1742	mo-va
318	examen	15.38	2024-01-11	2024-01-04	INF321	14s1742	mo-va
319	cc	12.23	2024-01-11	2024-01-04	INF321	22t1390	mo-va
320	tps	27.02	2024-01-11	2024-01-04	INF321	22t1390	mo-va
321	examen	45.63	2024-01-11	2024-01-04	INF321	22t1390	mo-va
322	cc	12.34	2024-01-11	2024-01-04	INF321	22t9244	mo-va
323	tps	9.71	2024-01-11	2024-01-04	INF321	22t9244	mo-va
324	examen	37.65	2024-01-11	2024-01-04	INF321	22t9244	mo-va
325	cc	1.35	2024-01-11	2024-01-04	INF321	21s0330	mo-va
326	tps	5.16	2024-01-11	2024-01-04	INF321	21s0330	mo-va
327	examen	19.17	2024-01-11	2024-01-04	INF321	21s0330	mo-va
328	cc	17.02	2024-01-11	2024-01-04	INF321	20u1616	mo-va
329	tps	29.85	2024-01-11	2024-01-04	INF321	20u1616	mo-va
330	examen	19.32	2024-01-11	2024-01-04	INF321	20u1616	mo-va
331	cc	7.56	2024-01-11	2024-01-04	INF321	21s1724	mo-va
332	tps	19.58	2024-01-11	2024-01-04	INF321	21s1724	mo-va
333	examen	6.96	2024-01-11	2024-01-04	INF321	21s1724	mo-va
334	cc	13.46	2024-01-11	2024-01-04	INF321	19u5796	mo-va
335	tps	18.64	2024-01-11	2024-01-04	INF321	19u5796	mo-va
336	examen	7.46	2024-01-11	2024-01-04	INF321	19u5796	mo-va
337	cc	2.98	2024-01-11	2024-01-04	INF321	17s0862	mo-va
338	tps	15.46	2024-01-11	2024-01-04	INF321	17s0862	mo-va
339	examen	20.10	2024-01-11	2024-01-04	INF321	17s0862	mo-va
340	cc	1.24	2024-01-11	2024-01-04	INF321	21t8930	mo-va
341	tps	4.32	2024-01-11	2024-01-04	INF321	21t8930	mo-va
342	examen	46.49	2024-01-11	2024-01-04	INF321	21t8930	mo-va
343	cc	2.91	2024-01-11	2024-01-04	INF321	21v9600	mo-va
344	tps	10.68	2024-01-11	2024-01-04	INF321	21v9600	mo-va
345	examen	18.11	2024-01-11	2024-01-04	INF321	21v9600	mo-va
346	cc	18.16	2024-01-11	2024-01-04	INF321	21s9091	mo-va
347	tps	22.62	2024-01-11	2024-01-04	INF321	21s9091	mo-va
348	examen	49.98	2024-01-11	2024-01-04	INF321	21s9091	mo-va
349	cc	15.57	2024-01-11	2024-01-04	INF321	19t6541	mo-va
350	tps	20.81	2024-01-11	2024-01-04	INF321	19t6541	mo-va
351	examen	46.50	2024-01-11	2024-01-04	INF321	19t6541	mo-va
352	cc	5.35	2024-01-11	2024-01-04	INF321	21s8363	mo-va
353	tps	14.16	2024-01-11	2024-01-04	INF321	21s8363	mo-va
354	examen	28.50	2024-01-11	2024-01-04	INF321	21s8363	mo-va
355	cc	2.20	2024-01-11	2024-01-04	INF321	21u5740	mo-va
356	tps	25.88	2024-01-11	2024-01-04	INF321	21u5740	mo-va
357	examen	9.96	2024-01-11	2024-01-04	INF321	21u5740	mo-va
358	cc	17.96	2024-01-11	2024-01-04	INF321	18v1178	mo-va
359	tps	12.25	2024-01-11	2024-01-04	INF321	18v1178	mo-va
360	examen	35.50	2024-01-11	2024-01-04	INF321	18v1178	mo-va
361	cc	17.54	2024-01-11	2024-01-04	INF321	19u6670	mo-va
362	tps	26.53	2024-01-11	2024-01-04	INF321	19u6670	mo-va
363	examen	26.56	2024-01-11	2024-01-04	INF321	19u6670	mo-va
364	cc	13.01	2024-01-11	2024-01-04	INF321	21u0266	mo-va
365	tps	20.90	2024-01-11	2024-01-04	INF321	21u0266	mo-va
366	examen	17.33	2024-01-11	2024-01-04	INF321	21u0266	mo-va
367	cc	16.53	2024-01-11	2024-01-04	INF321	17s8348	mo-va
368	tps	5.32	2024-01-11	2024-01-04	INF321	17s8348	mo-va
369	examen	34.94	2024-01-11	2024-01-04	INF321	17s8348	mo-va
370	cc	13.55	2024-01-11	2024-01-04	INF321	17u0939	mo-va
371	tps	27.35	2024-01-11	2024-01-04	INF321	17u0939	mo-va
372	examen	36.42	2024-01-11	2024-01-04	INF321	17u0939	mo-va
373	cc	17.79	2024-01-11	2024-01-04	INF321	23v6126	mo-va
374	tps	3.22	2024-01-11	2024-01-04	INF321	23v6126	mo-va
375	examen	8.03	2024-01-11	2024-01-04	INF321	23v6126	mo-va
376	cc	8.98	2024-01-11	2024-01-04	INF321	21s6099	mo-va
377	tps	2.61	2024-01-11	2024-01-04	INF321	21s6099	mo-va
378	examen	9.10	2024-01-11	2024-01-04	INF321	21s6099	mo-va
379	cc	2.52	2024-01-11	2024-01-04	INF321	21v5392	mo-va
380	tps	20.07	2024-01-11	2024-01-04	INF321	21v5392	mo-va
381	examen	37.83	2024-01-11	2024-01-04	INF321	21v5392	mo-va
382	cc	4.76	2024-01-11	2024-01-04	INF321	22t3854	mo-va
383	tps	21.50	2024-01-11	2024-01-04	INF321	22t3854	mo-va
384	examen	8.35	2024-01-11	2024-01-04	INF321	22t3854	mo-va
385	cc	0.17	2024-01-11	2024-01-04	INF321	22u5031	mo-va
386	tps	0.92	2024-01-11	2024-01-04	INF321	22u5031	mo-va
387	examen	10.54	2024-01-11	2024-01-04	INF321	22u5031	mo-va
388	cc	4.44	2024-01-11	2024-01-04	INF321	20t0159	mo-va
389	tps	6.96	2024-01-11	2024-01-04	INF321	20t0159	mo-va
390	examen	10.02	2024-01-11	2024-01-04	INF321	20t0159	mo-va
391	cc	20.00	2024-01-11	2024-01-04	INF321	22s7944	mo-va
392	tps	30.00	2024-01-11	2024-01-04	INF321	22s7944	mo-va
393	examen	50.00	2024-01-11	2024-01-04	INF321	22s7944	mo-va
394	cc	14.93	2024-01-11	2024-01-04	INF321	21s6959	mo-va
395	tps	16.63	2024-01-11	2024-01-04	INF321	21s6959	mo-va
396	examen	27.60	2024-01-11	2024-01-04	INF321	21s6959	mo-va
397	cc	6.03	2024-01-11	2024-01-04	INF321	20u2855	mo-va
398	tps	18.21	2024-01-11	2024-01-04	INF321	20u2855	mo-va
399	examen	30.18	2024-01-11	2024-01-04	INF321	20u2855	mo-va
400	cc	10.85	2024-01-11	2024-01-04	INF321	18t1699	mo-va
401	tps	5.73	2024-01-11	2024-01-04	INF321	18t1699	mo-va
402	examen	47.26	2024-01-11	2024-01-04	INF321	18t1699	mo-va
403	cc	6.69	2024-01-11	2024-01-04	INF321	21u3079	mo-va
404	tps	16.47	2024-01-11	2024-01-04	INF321	21u3079	mo-va
405	examen	46.51	2024-01-11	2024-01-04	INF321	21u3079	mo-va
406	cc	17.41	2024-01-11	2024-01-04	INF321	21t4985	mo-va
407	tps	1.46	2024-01-11	2024-01-04	INF321	21t4985	mo-va
408	examen	16.02	2024-01-11	2024-01-04	INF321	21t4985	mo-va
409	cc	14.01	2024-01-11	2024-01-04	INF321	18t2660	mo-va
410	tps	29.44	2024-01-11	2024-01-04	INF321	18t2660	mo-va
411	examen	3.52	2024-01-11	2024-01-04	INF321	18t2660	mo-va
412	cc	2.30	2024-01-11	2024-01-04	INF321	21v0455	mo-va
413	tps	12.12	2024-01-11	2024-01-04	INF321	21v0455	mo-va
414	examen	0.06	2024-01-11	2024-01-04	INF321	21v0455	mo-va
415	cc	18.88	2024-01-11	2024-01-04	INF321	14v0993	mo-va
416	tps	11.28	2024-01-11	2024-01-04	INF321	14v0993	mo-va
417	examen	46.41	2024-01-11	2024-01-04	INF321	14v0993	mo-va
418	cc	12.34	2024-01-11	2024-01-04	INF321	22s4254	mo-va
419	tps	5.43	2024-01-11	2024-01-04	INF321	22s4254	mo-va
420	examen	8.35	2024-01-11	2024-01-04	INF321	22s4254	mo-va
421	cc	5.00	2024-01-11	2024-01-04	INF321	21t2862	mo-va
422	tps	20.00	2024-01-11	2024-01-04	INF321	21t2862	mo-va
423	examen	45.00	2024-01-11	2024-01-04	INF321	21t2862	mo-va
455	tps	13.93	2024-01-11	2024-01-04	INF331	14u9945	ji-az
456	examen	3.06	2024-01-11	2024-01-04	INF331	14u9945	ji-az
457	cc	5.82	2024-01-11	2024-01-04	INF331	21u8192	ji-az
458	tps	1.04	2024-01-11	2024-01-04	INF331	21u8192	ji-az
469	cc	15.74	2024-01-11	2024-01-04	INF331	21s3570	ji-az
470	tps	26.07	2024-01-11	2024-01-04	INF331	21s3570	ji-az
472	cc	4.30	2024-01-11	2024-01-04	INF331	21u7531	ji-az
473	tps	29.13	2024-01-11	2024-01-04	INF331	21u7531	ji-az
474	examen	27.14	2024-01-11	2024-01-04	INF331	21u7531	ji-az
475	cc	15.78	2024-01-11	2024-01-04	INF331	21u8159	ji-az
476	tps	23.83	2024-01-11	2024-01-04	INF331	21u8159	ji-az
477	examen	24.23	2024-01-11	2024-01-04	INF331	21u8159	ji-az
478	cc	17.29	2024-01-11	2024-01-04	INF331	17s7049	ji-az
425	tps	23.98	2024-01-11	2024-01-04	INF331	21v8623	ji-az
427	cc	1.65	2024-01-11	2024-01-04	INF331	19u5907	ji-az
428	tps	2.99	2024-01-11	2024-01-04	INF331	19u5907	ji-az
430	cc	8.96	2024-01-11	2024-01-04	INF331	21t2158	ji-az
431	tps	15.92	2024-01-11	2024-01-04	INF331	21t2158	ji-az
432	examen	37.98	2024-01-11	2024-01-04	INF331	21t2158	ji-az
433	cc	10.78	2024-01-11	2024-01-04	INF331	17t1173	ji-az
434	tps	21.05	2024-01-11	2024-01-04	INF331	17t1173	ji-az
435	examen	34.80	2024-01-11	2024-01-04	INF331	17t1173	ji-az
436	cc	0.22	2024-01-11	2024-01-04	INF331	21s4397	ji-az
437	tps	7.00	2024-01-11	2024-01-04	INF331	21s4397	ji-az
438	examen	0.20	2024-01-11	2024-01-04	INF331	21s4397	ji-az
439	cc	15.16	2024-01-11	2024-01-04	INF331	20s7401	ji-az
440	tps	10.39	2024-01-11	2024-01-04	INF331	20s7401	ji-az
441	examen	17.47	2024-01-11	2024-01-04	INF331	20s7401	ji-az
442	cc	0.06	2024-01-11	2024-01-04	INF331	17u9001	ji-az
443	tps	2.20	2024-01-11	2024-01-04	INF331	17u9001	ji-az
444	examen	21.35	2024-01-11	2024-01-04	INF331	17u9001	ji-az
445	cc	0.67	2024-01-11	2024-01-04	INF331	21s2146	ji-az
446	tps	18.52	2024-01-11	2024-01-04	INF331	21s2146	ji-az
447	examen	8.94	2024-01-11	2024-01-04	INF331	21s2146	ji-az
448	cc	7.94	2024-01-11	2024-01-04	INF331	21s0320	ji-az
449	tps	5.08	2024-01-11	2024-01-04	INF331	21s0320	ji-az
426	examen	15.84	2024-01-11	2024-01-04	INF331	21v8623	ji-az
451	cc	14.30	2024-01-11	2024-01-04	INF331	23t2231	ji-az
452	tps	17.14	2024-01-11	2024-01-04	INF331	23t2231	ji-az
453	examen	13.79	2024-01-11	2024-01-04	INF331	23t2231	ji-az
454	cc	9.47	2024-01-11	2024-01-04	INF331	14u9945	ji-az
459	examen	18.97	2024-01-11	2024-01-04	INF331	21u8192	ji-az
460	cc	10.02	2024-01-11	2024-01-04	INF331	21v1895	ji-az
461	tps	24.15	2024-01-11	2024-01-04	INF331	21v1895	ji-az
462	examen	25.02	2024-01-11	2024-01-04	INF331	21v1895	ji-az
463	cc	18.78	2024-01-11	2024-01-04	INF331	21u0229	ji-az
464	tps	4.24	2024-01-11	2024-01-04	INF331	21u0229	ji-az
465	examen	45.01	2024-01-11	2024-01-04	INF331	21u0229	ji-az
466	cc	16.64	2024-01-11	2024-01-04	INF331	21u1896	ji-az
467	tps	1.75	2024-01-11	2024-01-04	INF331	21u1896	ji-az
468	examen	46.60	2024-01-11	2024-01-04	INF331	21u1896	ji-az
482	tps	20.15	2024-01-11	2024-01-04	INF331	21s7149	ji-az
484	cc	12.43	2024-01-11	2024-01-04	INF331	21t2032	ji-az
485	tps	0.06	2024-01-11	2024-01-04	INF331	21t2032	ji-az
486	examen	20.72	2024-01-11	2024-01-04	INF331	21t2032	ji-az
487	cc	18.07	2024-01-11	2024-01-04	INF331	21v1799	ji-az
488	tps	26.15	2024-01-11	2024-01-04	INF331	21v1799	ji-az
489	examen	0.51	2024-01-11	2024-01-04	INF331	21v1799	ji-az
525	examen	47.38	2024-01-11	2024-01-04	INF331	21v9600	ji-az
526	cc	12.97	2024-01-11	2024-01-04	INF331	21s9091	ji-az
527	tps	2.60	2024-01-11	2024-01-04	INF331	21s9091	ji-az
528	examen	12.93	2024-01-11	2024-01-04	INF331	21s9091	ji-az
529	cc	8.73	2024-01-11	2024-01-04	INF331	19t6541	ji-az
530	tps	9.85	2024-01-11	2024-01-04	INF331	19t6541	ji-az
531	examen	36.14	2024-01-11	2024-01-04	INF331	19t6541	ji-az
532	cc	16.62	2024-01-11	2024-01-04	INF331	21s8363	ji-az
533	tps	28.04	2024-01-11	2024-01-04	INF331	21s8363	ji-az
534	examen	12.51	2024-01-11	2024-01-04	INF331	21s8363	ji-az
535	cc	12.37	2024-01-11	2024-01-04	INF331	21u5740	ji-az
536	tps	24.06	2024-01-11	2024-01-04	INF331	21u5740	ji-az
537	examen	13.23	2024-01-11	2024-01-04	INF331	21u5740	ji-az
538	cc	16.82	2024-01-11	2024-01-04	INF331	18v1178	ji-az
539	tps	23.26	2024-01-11	2024-01-04	INF331	18v1178	ji-az
540	examen	19.17	2024-01-11	2024-01-04	INF331	18v1178	ji-az
541	cc	18.31	2024-01-11	2024-01-04	INF331	19u6670	ji-az
542	tps	13.00	2024-01-11	2024-01-04	INF331	19u6670	ji-az
544	cc	3.85	2024-01-11	2024-01-04	INF331	21u0266	ji-az
545	tps	19.54	2024-01-11	2024-01-04	INF331	21u0266	ji-az
546	examen	35.43	2024-01-11	2024-01-04	INF331	21u0266	ji-az
547	cc	12.08	2024-01-11	2024-01-04	INF331	17s8348	ji-az
548	tps	16.07	2024-01-11	2024-01-04	INF331	17s8348	ji-az
549	examen	15.23	2024-01-11	2024-01-04	INF331	17s8348	ji-az
550	cc	4.35	2024-01-11	2024-01-04	INF331	17u0939	ji-az
551	tps	26.61	2024-01-11	2024-01-04	INF331	17u0939	ji-az
552	examen	5.12	2024-01-11	2024-01-04	INF331	17u0939	ji-az
553	cc	18.74	2024-01-11	2024-01-04	INF331	23v6126	ji-az
554	tps	16.11	2024-01-11	2024-01-04	INF331	23v6126	ji-az
555	examen	32.51	2024-01-11	2024-01-04	INF331	23v6126	ji-az
556	cc	10.06	2024-01-11	2024-01-04	INF331	21s6099	ji-az
557	tps	14.93	2024-01-11	2024-01-04	INF331	21s6099	ji-az
558	examen	15.08	2024-01-11	2024-01-04	INF331	21s6099	ji-az
559	cc	10.05	2024-01-11	2024-01-04	INF331	21v5392	ji-az
560	tps	10.03	2024-01-11	2024-01-04	INF331	21v5392	ji-az
561	examen	47.99	2024-01-11	2024-01-04	INF331	21v5392	ji-az
562	cc	16.87	2024-01-11	2024-01-04	INF331	22t3854	ji-az
563	tps	23.72	2024-01-11	2024-01-04	INF331	22t3854	ji-az
565	cc	2.21	2024-01-11	2024-01-04	INF331	22u5031	ji-az
566	tps	8.49	2024-01-11	2024-01-04	INF331	22u5031	ji-az
567	examen	33.73	2024-01-11	2024-01-04	INF331	22u5031	ji-az
568	cc	9.25	2024-01-11	2024-01-04	INF331	20t0159	ji-az
569	tps	16.42	2024-01-11	2024-01-04	INF331	20t0159	ji-az
570	examen	41.30	2024-01-11	2024-01-04	INF331	20t0159	ji-az
571	cc	20.00	2024-01-11	2024-01-04	INF331	22s7944	ji-az
572	tps	30.00	2024-01-11	2024-01-04	INF331	22s7944	ji-az
573	examen	50.00	2024-01-11	2024-01-04	INF331	22s7944	ji-az
574	cc	14.93	2024-01-11	2024-01-04	INF331	21s6959	ji-az
575	tps	16.63	2024-01-11	2024-01-04	INF331	21s6959	ji-az
576	examen	27.60	2024-01-11	2024-01-04	INF331	21s6959	ji-az
577	cc	6.03	2024-01-11	2024-01-04	INF331	20u2855	ji-az
578	tps	20.00	2024-01-11	2024-01-04	INF331	20u2855	ji-az
579	examen	30.18	2024-01-11	2024-01-04	INF331	20u2855	ji-az
580	cc	10.85	2024-01-11	2024-01-04	INF331	18t1699	ji-az
581	tps	5.73	2024-01-11	2024-01-04	INF331	18t1699	ji-az
582	examen	47.26	2024-01-11	2024-01-04	INF331	18t1699	ji-az
481	cc	7.19	2024-01-11	2024-01-04	INF331	21s7149	ji-az
490	cc	1.12	2024-01-11	2024-01-04	INF331	17s2688	ji-az
491	tps	29.69	2024-01-11	2024-01-04	INF331	17s2688	ji-az
492	examen	9.94	2024-01-11	2024-01-04	INF331	17s2688	ji-az
493	cc	7.76	2024-01-11	2024-01-04	INF331	21u5780	ji-az
494	tps	15.19	2024-01-11	2024-01-04	INF331	21u5780	ji-az
495	examen	16.77	2024-01-11	2024-01-04	INF331	21u5780	ji-az
496	cc	7.30	2024-01-11	2024-01-04	INF331	14s1742	ji-az
497	tps	11.51	2024-01-11	2024-01-04	INF331	14s1742	ji-az
498	examen	48.21	2024-01-11	2024-01-04	INF331	14s1742	ji-az
499	cc	6.37	2024-01-11	2024-01-04	INF331	22t1390	ji-az
500	tps	18.82	2024-01-11	2024-01-04	INF331	22t1390	ji-az
502	cc	11.05	2024-01-11	2024-01-04	INF331	22t9244	ji-az
503	tps	15.37	2024-01-11	2024-01-04	INF331	22t9244	ji-az
504	examen	20.57	2024-01-11	2024-01-04	INF331	22t9244	ji-az
505	cc	10.12	2024-01-11	2024-01-04	INF331	21s0330	ji-az
506	tps	2.96	2024-01-11	2024-01-04	INF331	21s0330	ji-az
507	examen	26.69	2024-01-11	2024-01-04	INF331	21s0330	ji-az
508	cc	9.39	2024-01-11	2024-01-04	INF331	20u1616	ji-az
509	tps	29.33	2024-01-11	2024-01-04	INF331	20u1616	ji-az
510	examen	1.54	2024-01-11	2024-01-04	INF331	20u1616	ji-az
511	cc	19.37	2024-01-11	2024-01-04	INF331	21s1724	ji-az
512	tps	7.38	2024-01-11	2024-01-04	INF331	21s1724	ji-az
513	examen	5.85	2024-01-11	2024-01-04	INF331	21s1724	ji-az
514	cc	17.31	2024-01-11	2024-01-04	INF331	19u5796	ji-az
515	tps	11.47	2024-01-11	2024-01-04	INF331	19u5796	ji-az
516	examen	12.24	2024-01-11	2024-01-04	INF331	19u5796	ji-az
517	cc	11.93	2024-01-11	2024-01-04	INF331	17s0862	ji-az
518	tps	3.87	2024-01-11	2024-01-04	INF331	17s0862	ji-az
519	examen	15.62	2024-01-11	2024-01-04	INF331	17s0862	ji-az
520	cc	14.24	2024-01-11	2024-01-04	INF331	21t8930	ji-az
521	tps	27.11	2024-01-11	2024-01-04	INF331	21t8930	ji-az
522	examen	0.18	2024-01-11	2024-01-04	INF331	21t8930	ji-az
523	cc	10.74	2024-01-11	2024-01-04	INF331	21v9600	ji-az
584	tps	16.47	2024-01-11	2024-01-04	INF331	21u3079	ji-az
585	examen	46.51	2024-01-11	2024-01-04	INF331	21u3079	ji-az
604	cc	17.56	2024-01-11	2024-01-04	INF341	21v8623	am-ha
605	tps	15.40	2024-01-11	2024-01-04	INF341	21v8623	am-ha
606	examen	32.25	2024-01-11	2024-01-04	INF341	21v8623	am-ha
607	cc	13.24	2024-01-11	2024-01-04	INF341	19u5907	am-ha
608	tps	15.46	2024-01-11	2024-01-04	INF341	19u5907	am-ha
609	examen	24.87	2024-01-11	2024-01-04	INF341	19u5907	am-ha
610	cc	14.72	2024-01-11	2024-01-04	INF341	21t2158	am-ha
611	tps	25.88	2024-01-11	2024-01-04	INF341	21t2158	am-ha
612	examen	33.01	2024-01-11	2024-01-04	INF341	21t2158	am-ha
613	cc	3.28	2024-01-11	2024-01-04	INF341	17t1173	am-ha
614	tps	6.42	2024-01-11	2024-01-04	INF341	17t1173	am-ha
615	examen	2.80	2024-01-11	2024-01-04	INF341	17t1173	am-ha
616	cc	0.22	2024-01-11	2024-01-04	INF341	21s4397	am-ha
617	tps	27.54	2024-01-11	2024-01-04	INF341	21s4397	am-ha
618	examen	13.04	2024-01-11	2024-01-04	INF341	21s4397	am-ha
619	cc	4.48	2024-01-11	2024-01-04	INF341	20s7401	am-ha
620	tps	15.51	2024-01-11	2024-01-04	INF341	20s7401	am-ha
621	examen	16.63	2024-01-11	2024-01-04	INF341	20s7401	am-ha
622	cc	15.50	2024-01-11	2024-01-04	INF341	17u9001	am-ha
623	tps	28.55	2024-01-11	2024-01-04	INF341	17u9001	am-ha
624	examen	13.12	2024-01-11	2024-01-04	INF341	17u9001	am-ha
625	cc	16.77	2024-01-11	2024-01-04	INF341	21s2146	am-ha
626	tps	28.74	2024-01-11	2024-01-04	INF341	21s2146	am-ha
627	examen	29.51	2024-01-11	2024-01-04	INF341	21s2146	am-ha
628	cc	18.64	2024-01-11	2024-01-04	INF341	21s0320	am-ha
629	tps	10.09	2024-01-11	2024-01-04	INF341	21s0320	am-ha
630	examen	0.64	2024-01-11	2024-01-04	INF341	21s0320	am-ha
631	cc	15.86	2024-01-11	2024-01-04	INF341	23t2231	am-ha
632	tps	9.27	2024-01-11	2024-01-04	INF341	23t2231	am-ha
633	examen	35.85	2024-01-11	2024-01-04	INF341	23t2231	am-ha
634	cc	11.71	2024-01-11	2024-01-04	INF341	14u9945	am-ha
635	tps	28.36	2024-01-11	2024-01-04	INF341	14u9945	am-ha
636	examen	5.41	2024-01-11	2024-01-04	INF341	14u9945	am-ha
637	cc	15.79	2024-01-11	2024-01-04	INF341	21u8192	am-ha
638	tps	23.42	2024-01-11	2024-01-04	INF341	21u8192	am-ha
639	examen	21.37	2024-01-11	2024-01-04	INF341	21u8192	am-ha
640	cc	2.36	2024-01-11	2024-01-04	INF341	21v1895	am-ha
641	tps	26.38	2024-01-11	2024-01-04	INF341	21v1895	am-ha
642	examen	16.26	2024-01-11	2024-01-04	INF341	21v1895	am-ha
643	cc	5.25	2024-01-11	2024-01-04	INF341	21u0229	am-ha
644	tps	27.00	2024-01-11	2024-01-04	INF341	21u0229	am-ha
645	examen	12.29	2024-01-11	2024-01-04	INF341	21u0229	am-ha
646	cc	15.55	2024-01-11	2024-01-04	INF341	21u1896	am-ha
647	tps	17.65	2024-01-11	2024-01-04	INF341	21u1896	am-ha
648	examen	12.06	2024-01-11	2024-01-04	INF341	21u1896	am-ha
649	cc	4.47	2024-01-11	2024-01-04	INF341	21s3570	am-ha
650	tps	4.44	2024-01-11	2024-01-04	INF341	21s3570	am-ha
651	examen	0.88	2024-01-11	2024-01-04	INF341	21s3570	am-ha
652	cc	0.16	2024-01-11	2024-01-04	INF341	21u7531	am-ha
653	tps	6.78	2024-01-11	2024-01-04	INF341	21u7531	am-ha
654	examen	34.75	2024-01-11	2024-01-04	INF341	21u7531	am-ha
655	cc	11.14	2024-01-11	2024-01-04	INF341	21u8159	am-ha
656	tps	21.32	2024-01-11	2024-01-04	INF341	21u8159	am-ha
657	examen	47.44	2024-01-11	2024-01-04	INF341	21u8159	am-ha
658	cc	4.69	2024-01-11	2024-01-04	INF341	17s7049	am-ha
659	tps	18.31	2024-01-11	2024-01-04	INF341	17s7049	am-ha
660	examen	27.74	2024-01-11	2024-01-04	INF341	17s7049	am-ha
661	cc	4.54	2024-01-11	2024-01-04	INF341	21s7149	am-ha
662	tps	24.84	2024-01-11	2024-01-04	INF341	21s7149	am-ha
663	examen	6.87	2024-01-11	2024-01-04	INF341	21s7149	am-ha
664	cc	18.51	2024-01-11	2024-01-04	INF341	21t2032	am-ha
665	tps	3.73	2024-01-11	2024-01-04	INF341	21t2032	am-ha
666	examen	7.81	2024-01-11	2024-01-04	INF341	21t2032	am-ha
667	cc	1.32	2024-01-11	2024-01-04	INF341	21v1799	am-ha
668	tps	6.83	2024-01-11	2024-01-04	INF341	21v1799	am-ha
669	examen	34.65	2024-01-11	2024-01-04	INF341	21v1799	am-ha
670	cc	6.12	2024-01-11	2024-01-04	INF341	17s2688	am-ha
671	tps	29.91	2024-01-11	2024-01-04	INF341	17s2688	am-ha
672	examen	7.18	2024-01-11	2024-01-04	INF341	17s2688	am-ha
673	cc	5.64	2024-01-11	2024-01-04	INF341	21u5780	am-ha
674	tps	11.60	2024-01-11	2024-01-04	INF341	21u5780	am-ha
675	examen	32.00	2024-01-11	2024-01-04	INF341	21u5780	am-ha
676	cc	2.23	2024-01-11	2024-01-04	INF341	14s1742	am-ha
677	tps	0.83	2024-01-11	2024-01-04	INF341	14s1742	am-ha
678	examen	36.15	2024-01-11	2024-01-04	INF341	14s1742	am-ha
679	cc	6.37	2024-01-11	2024-01-04	INF341	22t1390	am-ha
680	tps	27.00	2024-01-11	2024-01-04	INF341	22t1390	am-ha
681	examen	36.08	2024-01-11	2024-01-04	INF341	22t1390	am-ha
682	cc	4.90	2024-01-11	2024-01-04	INF341	22t9244	am-ha
683	tps	15.51	2024-01-11	2024-01-04	INF341	22t9244	am-ha
684	examen	49.43	2024-01-11	2024-01-04	INF341	22t9244	am-ha
685	cc	8.29	2024-01-11	2024-01-04	INF341	21s0330	am-ha
686	tps	20.79	2024-01-11	2024-01-04	INF341	21s0330	am-ha
586	cc	17.41	2024-01-11	2024-01-04	INF331	21t4985	ji-az
587	tps	1.46	2024-01-11	2024-01-04	INF331	21t4985	ji-az
588	examen	16.02	2024-01-11	2024-01-04	INF331	21t4985	ji-az
589	cc	14.01	2024-01-11	2024-01-04	INF331	18t2660	ji-az
590	tps	29.44	2024-01-11	2024-01-04	INF331	18t2660	ji-az
592	cc	2.30	2024-01-11	2024-01-04	INF331	21v0455	ji-az
593	tps	12.12	2024-01-11	2024-01-04	INF331	21v0455	ji-az
594	examen	0.06	2024-01-11	2024-01-04	INF331	21v0455	ji-az
595	cc	18.88	2024-01-11	2024-01-04	INF331	14v0993	ji-az
596	tps	11.28	2024-01-11	2024-01-04	INF331	14v0993	ji-az
597	examen	46.41	2024-01-11	2024-01-04	INF331	14v0993	ji-az
598	cc	12.34	2024-01-11	2024-01-04	INF331	22s4254	ji-az
599	tps	5.43	2024-01-11	2024-01-04	INF331	22s4254	ji-az
600	examen	8.35	2024-01-11	2024-01-04	INF331	22s4254	ji-az
601	cc	5.00	2024-01-11	2024-01-04	INF331	21t2862	ji-az
602	tps	20.00	2024-01-11	2024-01-04	INF331	21t2862	ji-az
603	examen	45.00	2024-01-11	2024-01-04	INF331	21t2862	ji-az
687	examen	10.81	2024-01-11	2024-01-04	INF341	21s0330	am-ha
688	cc	0.80	2024-01-11	2024-01-04	INF341	20u1616	am-ha
689	tps	19.52	2024-01-11	2024-01-04	INF341	20u1616	am-ha
690	examen	24.92	2024-01-11	2024-01-04	INF341	20u1616	am-ha
691	cc	4.80	2024-01-11	2024-01-04	INF341	21s1724	am-ha
692	tps	16.57	2024-01-11	2024-01-04	INF341	21s1724	am-ha
693	examen	34.64	2024-01-11	2024-01-04	INF341	21s1724	am-ha
694	cc	1.57	2024-01-11	2024-01-04	INF341	19u5796	am-ha
695	tps	18.66	2024-01-11	2024-01-04	INF341	19u5796	am-ha
696	examen	27.20	2024-01-11	2024-01-04	INF341	19u5796	am-ha
697	cc	7.11	2024-01-11	2024-01-04	INF341	17s0862	am-ha
698	tps	0.43	2024-01-11	2024-01-04	INF341	17s0862	am-ha
699	examen	10.06	2024-01-11	2024-01-04	INF341	17s0862	am-ha
700	cc	4.16	2024-01-11	2024-01-04	INF341	21t8930	am-ha
701	tps	9.43	2024-01-11	2024-01-04	INF341	21t8930	am-ha
702	examen	1.42	2024-01-11	2024-01-04	INF341	21t8930	am-ha
703	cc	0.33	2024-01-11	2024-01-04	INF341	21v9600	am-ha
704	tps	4.91	2024-01-11	2024-01-04	INF341	21v9600	am-ha
705	examen	42.73	2024-01-11	2024-01-04	INF341	21v9600	am-ha
706	cc	7.24	2024-01-11	2024-01-04	INF341	21s9091	am-ha
707	tps	27.81	2024-01-11	2024-01-04	INF341	21s9091	am-ha
708	examen	49.45	2024-01-11	2024-01-04	INF341	21s9091	am-ha
709	cc	2.18	2024-01-11	2024-01-04	INF341	19t6541	am-ha
710	tps	23.42	2024-01-11	2024-01-04	INF341	19t6541	am-ha
711	examen	45.93	2024-01-11	2024-01-04	INF341	19t6541	am-ha
712	cc	6.64	2024-01-11	2024-01-04	INF341	21s8363	am-ha
713	tps	11.78	2024-01-11	2024-01-04	INF341	21s8363	am-ha
714	examen	39.79	2024-01-11	2024-01-04	INF341	21s8363	am-ha
715	cc	9.85	2024-01-11	2024-01-04	INF341	21u5740	am-ha
716	tps	11.33	2024-01-11	2024-01-04	INF341	21u5740	am-ha
717	examen	43.95	2024-01-11	2024-01-04	INF341	21u5740	am-ha
718	cc	7.01	2024-01-11	2024-01-04	INF341	18v1178	am-ha
719	tps	12.04	2024-01-11	2024-01-04	INF341	18v1178	am-ha
720	examen	36.88	2024-01-11	2024-01-04	INF341	18v1178	am-ha
721	cc	8.05	2024-01-11	2024-01-04	INF341	19u6670	am-ha
722	tps	21.37	2024-01-11	2024-01-04	INF341	19u6670	am-ha
723	examen	17.81	2024-01-11	2024-01-04	INF341	19u6670	am-ha
724	cc	10.23	2024-01-11	2024-01-04	INF341	21u0266	am-ha
725	tps	7.90	2024-01-11	2024-01-04	INF341	21u0266	am-ha
726	examen	31.20	2024-01-11	2024-01-04	INF341	21u0266	am-ha
727	cc	13.64	2024-01-11	2024-01-04	INF341	17s8348	am-ha
728	tps	22.03	2024-01-11	2024-01-04	INF341	17s8348	am-ha
729	examen	7.95	2024-01-11	2024-01-04	INF341	17s8348	am-ha
730	cc	14.94	2024-01-11	2024-01-04	INF341	17u0939	am-ha
731	tps	23.41	2024-01-11	2024-01-04	INF341	17u0939	am-ha
732	examen	17.27	2024-01-11	2024-01-04	INF341	17u0939	am-ha
733	cc	6.76	2024-01-11	2024-01-04	INF341	23v6126	am-ha
734	tps	2.72	2024-01-11	2024-01-04	INF341	23v6126	am-ha
735	examen	22.13	2024-01-11	2024-01-04	INF341	23v6126	am-ha
736	cc	7.05	2024-01-11	2024-01-04	INF341	21s6099	am-ha
737	tps	17.11	2024-01-11	2024-01-04	INF341	21s6099	am-ha
738	examen	19.76	2024-01-11	2024-01-04	INF341	21s6099	am-ha
739	cc	11.75	2024-01-11	2024-01-04	INF341	21v5392	am-ha
740	tps	4.82	2024-01-11	2024-01-04	INF341	21v5392	am-ha
741	examen	1.36	2024-01-11	2024-01-04	INF341	21v5392	am-ha
742	cc	16.48	2024-01-11	2024-01-04	INF341	22t3854	am-ha
743	tps	27.83	2024-01-11	2024-01-04	INF341	22t3854	am-ha
744	examen	6.32	2024-01-11	2024-01-04	INF341	22t3854	am-ha
745	cc	14.27	2024-01-11	2024-01-04	INF341	22u5031	am-ha
746	tps	25.23	2024-01-11	2024-01-04	INF341	22u5031	am-ha
747	examen	10.82	2024-01-11	2024-01-04	INF341	22u5031	am-ha
748	cc	18.75	2024-01-11	2024-01-04	INF341	20t0159	am-ha
749	tps	7.98	2024-01-11	2024-01-04	INF341	20t0159	am-ha
750	examen	14.77	2024-01-11	2024-01-04	INF341	20t0159	am-ha
751	cc	20.00	2024-01-11	2024-01-04	INF341	22s7944	am-ha
752	tps	30.00	2024-01-11	2024-01-04	INF341	22s7944	am-ha
753	examen	50.00	2024-01-11	2024-01-04	INF341	22s7944	am-ha
754	cc	14.93	2024-01-11	2024-01-04	INF341	21s6959	am-ha
755	tps	16.63	2024-01-11	2024-01-04	INF341	21s6959	am-ha
756	examen	27.60	2024-01-11	2024-01-04	INF341	21s6959	am-ha
757	cc	6.03	2024-01-11	2024-01-04	INF341	20u2855	am-ha
758	tps	18.21	2024-01-11	2024-01-04	INF341	20u2855	am-ha
759	examen	30.18	2024-01-11	2024-01-04	INF341	20u2855	am-ha
760	cc	10.85	2024-01-11	2024-01-04	INF341	18t1699	am-ha
761	tps	5.73	2024-01-11	2024-01-04	INF341	18t1699	am-ha
762	examen	47.26	2024-01-11	2024-01-04	INF341	18t1699	am-ha
763	cc	6.69	2024-01-11	2024-01-04	INF341	21u3079	am-ha
764	tps	16.47	2024-01-11	2024-01-04	INF341	21u3079	am-ha
765	examen	46.51	2024-01-11	2024-01-04	INF341	21u3079	am-ha
766	cc	17.41	2024-01-11	2024-01-04	INF341	21t4985	am-ha
767	tps	1.46	2024-01-11	2024-01-04	INF341	21t4985	am-ha
768	examen	16.02	2024-01-11	2024-01-04	INF341	21t4985	am-ha
769	cc	14.01	2024-01-11	2024-01-04	INF341	18t2660	am-ha
770	tps	29.44	2024-01-11	2024-01-04	INF341	18t2660	am-ha
771	examen	3.52	2024-01-11	2024-01-04	INF341	18t2660	am-ha
772	cc	2.30	2024-01-11	2024-01-04	INF341	21v0455	am-ha
773	tps	12.12	2024-01-11	2024-01-04	INF341	21v0455	am-ha
774	examen	0.06	2024-01-11	2024-01-04	INF341	21v0455	am-ha
775	cc	18.88	2024-01-11	2024-01-04	INF341	14v0993	am-ha
776	tps	11.28	2024-01-11	2024-01-04	INF341	14v0993	am-ha
777	examen	46.41	2024-01-11	2024-01-04	INF341	14v0993	am-ha
778	cc	12.34	2024-01-11	2024-01-04	INF341	22s4254	am-ha
779	tps	5.43	2024-01-11	2024-01-04	INF341	22s4254	am-ha
780	examen	8.35	2024-01-11	2024-01-04	INF341	22s4254	am-ha
781	cc	5.00	2024-01-11	2024-01-04	INF341	21t2862	am-ha
782	tps	20.00	2024-01-11	2024-01-04	INF341	21t2862	am-ha
783	examen	45.00	2024-01-11	2024-01-04	INF341	21t2862	am-ha
784	cc	0.16	2024-01-11	2024-01-04	UE_OPT	21v8623	ts-no
785	tps	4.09	2024-01-11	2024-01-04	UE_OPT	21v8623	ts-no
786	examen	16.68	2024-01-11	2024-01-04	UE_OPT	21v8623	ts-no
787	cc	15.07	2024-01-11	2024-01-04	UE_OPT	19u5907	ts-no
788	tps	6.91	2024-01-11	2024-01-04	UE_OPT	19u5907	ts-no
789	examen	35.99	2024-01-11	2024-01-04	UE_OPT	19u5907	ts-no
790	cc	4.33	2024-01-11	2024-01-04	UE_OPT	21t2158	ts-no
791	tps	17.38	2024-01-11	2024-01-04	UE_OPT	21t2158	ts-no
792	examen	15.72	2024-01-11	2024-01-04	UE_OPT	21t2158	ts-no
793	cc	2.47	2024-01-11	2024-01-04	UE_OPT	17t1173	ts-no
794	tps	4.20	2024-01-11	2024-01-04	UE_OPT	17t1173	ts-no
795	examen	17.99	2024-01-11	2024-01-04	UE_OPT	17t1173	ts-no
796	cc	10.03	2024-01-11	2024-01-04	UE_OPT	21s4397	ts-no
797	tps	21.04	2024-01-11	2024-01-04	UE_OPT	21s4397	ts-no
798	examen	1.81	2024-01-11	2024-01-04	UE_OPT	21s4397	ts-no
799	cc	2.86	2024-01-11	2024-01-04	UE_OPT	20s7401	ts-no
800	tps	19.06	2024-01-11	2024-01-04	UE_OPT	20s7401	ts-no
801	examen	18.75	2024-01-11	2024-01-04	UE_OPT	20s7401	ts-no
802	cc	19.48	2024-01-11	2024-01-04	UE_OPT	17u9001	ts-no
803	tps	7.56	2024-01-11	2024-01-04	UE_OPT	17u9001	ts-no
804	examen	40.55	2024-01-11	2024-01-04	UE_OPT	17u9001	ts-no
805	cc	9.72	2024-01-11	2024-01-04	UE_OPT	21s2146	ts-no
806	tps	21.16	2024-01-11	2024-01-04	UE_OPT	21s2146	ts-no
807	examen	5.16	2024-01-11	2024-01-04	UE_OPT	21s2146	ts-no
808	cc	1.22	2024-01-11	2024-01-04	UE_OPT	21s0320	ts-no
809	tps	5.40	2024-01-11	2024-01-04	UE_OPT	21s0320	ts-no
810	examen	47.47	2024-01-11	2024-01-04	UE_OPT	21s0320	ts-no
811	cc	4.23	2024-01-11	2024-01-04	UE_OPT	23t2231	ts-no
812	tps	26.30	2024-01-11	2024-01-04	UE_OPT	23t2231	ts-no
813	examen	16.57	2024-01-11	2024-01-04	UE_OPT	23t2231	ts-no
814	cc	17.05	2024-01-11	2024-01-04	UE_OPT	14u9945	ts-no
815	tps	25.98	2024-01-11	2024-01-04	UE_OPT	14u9945	ts-no
816	examen	42.58	2024-01-11	2024-01-04	UE_OPT	14u9945	ts-no
817	cc	14.17	2024-01-11	2024-01-04	UE_OPT	21u8192	ts-no
818	tps	3.87	2024-01-11	2024-01-04	UE_OPT	21u8192	ts-no
819	examen	46.17	2024-01-11	2024-01-04	UE_OPT	21u8192	ts-no
820	cc	4.63	2024-01-11	2024-01-04	UE_OPT	21v1895	ts-no
821	tps	12.43	2024-01-11	2024-01-04	UE_OPT	21v1895	ts-no
822	examen	33.69	2024-01-11	2024-01-04	UE_OPT	21v1895	ts-no
823	cc	7.69	2024-01-11	2024-01-04	UE_OPT	21u0229	ts-no
824	tps	23.90	2024-01-11	2024-01-04	UE_OPT	21u0229	ts-no
825	examen	36.07	2024-01-11	2024-01-04	UE_OPT	21u0229	ts-no
826	cc	15.26	2024-01-11	2024-01-04	UE_OPT	21u1896	ts-no
827	tps	0.79	2024-01-11	2024-01-04	UE_OPT	21u1896	ts-no
828	examen	33.44	2024-01-11	2024-01-04	UE_OPT	21u1896	ts-no
829	cc	11.36	2024-01-11	2024-01-04	UE_OPT	21s3570	ts-no
830	tps	28.22	2024-01-11	2024-01-04	UE_OPT	21s3570	ts-no
831	examen	24.03	2024-01-11	2024-01-04	UE_OPT	21s3570	ts-no
832	cc	13.86	2024-01-11	2024-01-04	UE_OPT	21u7531	ts-no
833	tps	20.12	2024-01-11	2024-01-04	UE_OPT	21u7531	ts-no
834	examen	33.58	2024-01-11	2024-01-04	UE_OPT	21u7531	ts-no
835	cc	6.05	2024-01-11	2024-01-04	UE_OPT	21u8159	ts-no
836	tps	20.53	2024-01-11	2024-01-04	UE_OPT	21u8159	ts-no
837	examen	44.20	2024-01-11	2024-01-04	UE_OPT	21u8159	ts-no
838	cc	6.63	2024-01-11	2024-01-04	UE_OPT	17s7049	ts-no
839	tps	7.78	2024-01-11	2024-01-04	UE_OPT	17s7049	ts-no
840	examen	27.86	2024-01-11	2024-01-04	UE_OPT	17s7049	ts-no
841	cc	14.52	2024-01-11	2024-01-04	UE_OPT	21s7149	ts-no
842	tps	25.42	2024-01-11	2024-01-04	UE_OPT	21s7149	ts-no
843	examen	8.11	2024-01-11	2024-01-04	UE_OPT	21s7149	ts-no
844	cc	12.02	2024-01-11	2024-01-04	UE_OPT	21t2032	ts-no
845	tps	25.68	2024-01-11	2024-01-04	UE_OPT	21t2032	ts-no
846	examen	25.82	2024-01-11	2024-01-04	UE_OPT	21t2032	ts-no
847	cc	8.53	2024-01-11	2024-01-04	UE_OPT	21v1799	ts-no
848	tps	27.12	2024-01-11	2024-01-04	UE_OPT	21v1799	ts-no
849	examen	9.18	2024-01-11	2024-01-04	UE_OPT	21v1799	ts-no
850	cc	9.81	2024-01-11	2024-01-04	UE_OPT	17s2688	ts-no
851	tps	16.93	2024-01-11	2024-01-04	UE_OPT	17s2688	ts-no
852	examen	10.76	2024-01-11	2024-01-04	UE_OPT	17s2688	ts-no
853	cc	0.96	2024-01-11	2024-01-04	UE_OPT	21u5780	ts-no
854	tps	1.24	2024-01-11	2024-01-04	UE_OPT	21u5780	ts-no
855	examen	44.40	2024-01-11	2024-01-04	UE_OPT	21u5780	ts-no
856	cc	1.49	2024-01-11	2024-01-04	UE_OPT	14s1742	ts-no
857	tps	4.89	2024-01-11	2024-01-04	UE_OPT	14s1742	ts-no
858	examen	6.78	2024-01-11	2024-01-04	UE_OPT	14s1742	ts-no
859	cc	19.92	2024-01-11	2024-01-04	UE_OPT	22t1390	ts-no
860	tps	6.53	2024-01-11	2024-01-04	UE_OPT	22t1390	ts-no
861	examen	49.86	2024-01-11	2024-01-04	UE_OPT	22t1390	ts-no
862	cc	13.44	2024-01-11	2024-01-04	UE_OPT	22t9244	ts-no
863	tps	6.33	2024-01-11	2024-01-04	UE_OPT	22t9244	ts-no
864	examen	3.87	2024-01-11	2024-01-04	UE_OPT	22t9244	ts-no
865	cc	0.54	2024-01-11	2024-01-04	UE_OPT	21s0330	ts-no
866	tps	18.70	2024-01-11	2024-01-04	UE_OPT	21s0330	ts-no
867	examen	7.03	2024-01-11	2024-01-04	UE_OPT	21s0330	ts-no
868	cc	18.76	2024-01-11	2024-01-04	UE_OPT	20u1616	ts-no
869	tps	28.14	2024-01-11	2024-01-04	UE_OPT	20u1616	ts-no
870	examen	18.39	2024-01-11	2024-01-04	UE_OPT	20u1616	ts-no
871	cc	8.90	2024-01-11	2024-01-04	UE_OPT	21s1724	ts-no
872	tps	25.74	2024-01-11	2024-01-04	UE_OPT	21s1724	ts-no
873	examen	22.79	2024-01-11	2024-01-04	UE_OPT	21s1724	ts-no
874	cc	17.38	2024-01-11	2024-01-04	UE_OPT	19u5796	ts-no
875	tps	4.98	2024-01-11	2024-01-04	UE_OPT	19u5796	ts-no
876	examen	17.87	2024-01-11	2024-01-04	UE_OPT	19u5796	ts-no
877	cc	14.97	2024-01-11	2024-01-04	UE_OPT	17s0862	ts-no
878	tps	24.06	2024-01-11	2024-01-04	UE_OPT	17s0862	ts-no
879	examen	12.14	2024-01-11	2024-01-04	UE_OPT	17s0862	ts-no
880	cc	6.56	2024-01-11	2024-01-04	UE_OPT	21t8930	ts-no
881	tps	10.80	2024-01-11	2024-01-04	UE_OPT	21t8930	ts-no
882	examen	49.41	2024-01-11	2024-01-04	UE_OPT	21t8930	ts-no
883	cc	16.68	2024-01-11	2024-01-04	UE_OPT	21v9600	ts-no
884	tps	27.68	2024-01-11	2024-01-04	UE_OPT	21v9600	ts-no
885	examen	44.64	2024-01-11	2024-01-04	UE_OPT	21v9600	ts-no
886	cc	17.91	2024-01-11	2024-01-04	UE_OPT	21s9091	ts-no
887	tps	29.45	2024-01-11	2024-01-04	UE_OPT	21s9091	ts-no
888	examen	45.22	2024-01-11	2024-01-04	UE_OPT	21s9091	ts-no
889	cc	7.81	2024-01-11	2024-01-04	UE_OPT	19t6541	ts-no
890	tps	19.55	2024-01-11	2024-01-04	UE_OPT	19t6541	ts-no
891	examen	43.55	2024-01-11	2024-01-04	UE_OPT	19t6541	ts-no
892	cc	1.51	2024-01-11	2024-01-04	UE_OPT	21s8363	ts-no
893	tps	7.19	2024-01-11	2024-01-04	UE_OPT	21s8363	ts-no
894	examen	2.80	2024-01-11	2024-01-04	UE_OPT	21s8363	ts-no
895	cc	11.81	2024-01-11	2024-01-04	UE_OPT	21u5740	ts-no
896	tps	2.62	2024-01-11	2024-01-04	UE_OPT	21u5740	ts-no
897	examen	32.69	2024-01-11	2024-01-04	UE_OPT	21u5740	ts-no
898	cc	10.38	2024-01-11	2024-01-04	UE_OPT	18v1178	ts-no
899	tps	29.54	2024-01-11	2024-01-04	UE_OPT	18v1178	ts-no
900	examen	36.06	2024-01-11	2024-01-04	UE_OPT	18v1178	ts-no
901	cc	10.33	2024-01-11	2024-01-04	UE_OPT	19u6670	ts-no
902	tps	24.54	2024-01-11	2024-01-04	UE_OPT	19u6670	ts-no
903	examen	27.34	2024-01-11	2024-01-04	UE_OPT	19u6670	ts-no
904	cc	10.26	2024-01-11	2024-01-04	UE_OPT	21u0266	ts-no
905	tps	1.71	2024-01-11	2024-01-04	UE_OPT	21u0266	ts-no
906	examen	38.27	2024-01-11	2024-01-04	UE_OPT	21u0266	ts-no
907	cc	12.44	2024-01-11	2024-01-04	UE_OPT	17s8348	ts-no
908	tps	27.63	2024-01-11	2024-01-04	UE_OPT	17s8348	ts-no
909	examen	44.91	2024-01-11	2024-01-04	UE_OPT	17s8348	ts-no
910	cc	9.67	2024-01-11	2024-01-04	UE_OPT	17u0939	ts-no
911	tps	25.96	2024-01-11	2024-01-04	UE_OPT	17u0939	ts-no
912	examen	26.96	2024-01-11	2024-01-04	UE_OPT	17u0939	ts-no
913	cc	7.32	2024-01-11	2024-01-04	UE_OPT	23v6126	ts-no
914	tps	11.04	2024-01-11	2024-01-04	UE_OPT	23v6126	ts-no
915	examen	9.98	2024-01-11	2024-01-04	UE_OPT	23v6126	ts-no
916	cc	10.91	2024-01-11	2024-01-04	UE_OPT	21s6099	ts-no
917	tps	28.53	2024-01-11	2024-01-04	UE_OPT	21s6099	ts-no
918	examen	11.87	2024-01-11	2024-01-04	UE_OPT	21s6099	ts-no
919	cc	13.50	2024-01-11	2024-01-04	UE_OPT	21v5392	ts-no
920	tps	14.76	2024-01-11	2024-01-04	UE_OPT	21v5392	ts-no
921	examen	7.56	2024-01-11	2024-01-04	UE_OPT	21v5392	ts-no
922	cc	9.23	2024-01-11	2024-01-04	UE_OPT	22t3854	ts-no
923	tps	17.80	2024-01-11	2024-01-04	UE_OPT	22t3854	ts-no
924	examen	13.91	2024-01-11	2024-01-04	UE_OPT	22t3854	ts-no
925	cc	17.59	2024-01-11	2024-01-04	UE_OPT	22u5031	ts-no
926	tps	21.60	2024-01-11	2024-01-04	UE_OPT	22u5031	ts-no
927	examen	36.42	2024-01-11	2024-01-04	UE_OPT	22u5031	ts-no
928	cc	19.30	2024-01-11	2024-01-04	UE_OPT	20t0159	ts-no
929	tps	7.16	2024-01-11	2024-01-04	UE_OPT	20t0159	ts-no
930	examen	35.30	2024-01-11	2024-01-04	UE_OPT	20t0159	ts-no
931	cc	20.00	2024-01-11	2024-01-04	UE_OPT	22s7944	ts-no
932	tps	30.00	2024-01-11	2024-01-04	UE_OPT	22s7944	ts-no
933	examen	50.00	2024-01-11	2024-01-04	UE_OPT	22s7944	ts-no
934	cc	14.93	2024-01-11	2024-01-04	UE_OPT	21s6959	ts-no
935	tps	16.63	2024-01-11	2024-01-04	UE_OPT	21s6959	ts-no
936	examen	27.60	2024-01-11	2024-01-04	UE_OPT	21s6959	ts-no
937	cc	6.03	2024-01-11	2024-01-04	UE_OPT	20u2855	ts-no
938	tps	18.21	2024-01-11	2024-01-04	UE_OPT	20u2855	ts-no
939	examen	30.18	2024-01-11	2024-01-04	UE_OPT	20u2855	ts-no
940	cc	10.85	2024-01-11	2024-01-04	UE_OPT	18t1699	ts-no
941	tps	5.73	2024-01-11	2024-01-04	UE_OPT	18t1699	ts-no
942	examen	47.26	2024-01-11	2024-01-04	UE_OPT	18t1699	ts-no
943	cc	6.69	2024-01-11	2024-01-04	UE_OPT	21u3079	ts-no
944	tps	16.47	2024-01-11	2024-01-04	UE_OPT	21u3079	ts-no
945	examen	46.51	2024-01-11	2024-01-04	UE_OPT	21u3079	ts-no
946	cc	17.41	2024-01-11	2024-01-04	UE_OPT	21t4985	ts-no
947	tps	1.46	2024-01-11	2024-01-04	UE_OPT	21t4985	ts-no
948	examen	16.02	2024-01-11	2024-01-04	UE_OPT	21t4985	ts-no
949	cc	14.01	2024-01-11	2024-01-04	UE_OPT	18t2660	ts-no
950	tps	29.44	2024-01-11	2024-01-04	UE_OPT	18t2660	ts-no
951	examen	3.52	2024-01-11	2024-01-04	UE_OPT	18t2660	ts-no
952	cc	2.30	2024-01-11	2024-01-04	UE_OPT	21v0455	ts-no
953	tps	12.12	2024-01-11	2024-01-04	UE_OPT	21v0455	ts-no
954	examen	0.06	2024-01-11	2024-01-04	UE_OPT	21v0455	ts-no
955	cc	18.88	2024-01-11	2024-01-04	UE_OPT	14v0993	ts-no
956	tps	11.28	2024-01-11	2024-01-04	UE_OPT	14v0993	ts-no
957	examen	46.41	2024-01-11	2024-01-04	UE_OPT	14v0993	ts-no
958	cc	12.34	2024-01-11	2024-01-04	UE_OPT	22s4254	ts-no
959	tps	5.43	2024-01-11	2024-01-04	UE_OPT	22s4254	ts-no
960	examen	8.35	2024-01-11	2024-01-04	UE_OPT	22s4254	ts-no
961	cc	5.00	2024-01-11	2024-01-04	UE_OPT	21t2862	ts-no
962	tps	20.00	2024-01-11	2024-01-04	UE_OPT	21t2862	ts-no
963	examen	45.00	2024-01-11	2024-01-04	UE_OPT	21t2862	ts-no
964	cc	10.05	2024-01-11	2024-01-04	FBL311	21v8623	an-en
965	tps	20.84	2024-01-11	2024-01-04	FBL311	21v8623	an-en
966	examen	10.36	2024-01-11	2024-01-04	FBL311	21v8623	an-en
967	cc	15.71	2024-01-11	2024-01-04	FBL311	19u5907	an-en
968	tps	22.71	2024-01-11	2024-01-04	FBL311	19u5907	an-en
969	examen	31.78	2024-01-11	2024-01-04	FBL311	19u5907	an-en
970	cc	11.38	2024-01-11	2024-01-04	FBL311	21t2158	an-en
971	tps	16.20	2024-01-11	2024-01-04	FBL311	21t2158	an-en
972	examen	30.60	2024-01-11	2024-01-04	FBL311	21t2158	an-en
973	cc	9.00	2024-01-11	2024-01-04	FBL311	17t1173	an-en
974	tps	20.56	2024-01-11	2024-01-04	FBL311	17t1173	an-en
975	examen	42.27	2024-01-11	2024-01-04	FBL311	17t1173	an-en
976	cc	9.31	2024-01-11	2024-01-04	FBL311	21s4397	an-en
977	tps	20.74	2024-01-11	2024-01-04	FBL311	21s4397	an-en
978	examen	38.40	2024-01-11	2024-01-04	FBL311	21s4397	an-en
979	cc	13.27	2024-01-11	2024-01-04	FBL311	20s7401	an-en
980	tps	25.94	2024-01-11	2024-01-04	FBL311	20s7401	an-en
981	examen	21.87	2024-01-11	2024-01-04	FBL311	20s7401	an-en
982	cc	19.32	2024-01-11	2024-01-04	FBL311	17u9001	an-en
983	tps	9.30	2024-01-11	2024-01-04	FBL311	17u9001	an-en
984	examen	26.20	2024-01-11	2024-01-04	FBL311	17u9001	an-en
985	cc	6.45	2024-01-11	2024-01-04	FBL311	21s2146	an-en
986	tps	26.11	2024-01-11	2024-01-04	FBL311	21s2146	an-en
987	examen	31.15	2024-01-11	2024-01-04	FBL311	21s2146	an-en
988	cc	9.98	2024-01-11	2024-01-04	FBL311	21s0320	an-en
989	tps	8.12	2024-01-11	2024-01-04	FBL311	21s0320	an-en
990	examen	15.03	2024-01-11	2024-01-04	FBL311	21s0320	an-en
991	cc	7.61	2024-01-11	2024-01-04	FBL311	23t2231	an-en
992	tps	25.48	2024-01-11	2024-01-04	FBL311	23t2231	an-en
993	examen	4.49	2024-01-11	2024-01-04	FBL311	23t2231	an-en
994	cc	16.87	2024-01-11	2024-01-04	FBL311	14u9945	an-en
995	tps	7.93	2024-01-11	2024-01-04	FBL311	14u9945	an-en
996	examen	9.05	2024-01-11	2024-01-04	FBL311	14u9945	an-en
997	cc	14.91	2024-01-11	2024-01-04	FBL311	21u8192	an-en
998	tps	0.80	2024-01-11	2024-01-04	FBL311	21u8192	an-en
999	examen	1.26	2024-01-11	2024-01-04	FBL311	21u8192	an-en
1000	cc	0.65	2024-01-11	2024-01-04	FBL311	21v1895	an-en
1001	tps	15.89	2024-01-11	2024-01-04	FBL311	21v1895	an-en
1002	examen	7.70	2024-01-11	2024-01-04	FBL311	21v1895	an-en
1003	cc	15.37	2024-01-11	2024-01-04	FBL311	21u0229	an-en
1004	tps	24.28	2024-01-11	2024-01-04	FBL311	21u0229	an-en
1005	examen	21.05	2024-01-11	2024-01-04	FBL311	21u0229	an-en
1006	cc	1.81	2024-01-11	2024-01-04	FBL311	21u1896	an-en
1007	tps	14.38	2024-01-11	2024-01-04	FBL311	21u1896	an-en
1008	examen	4.31	2024-01-11	2024-01-04	FBL311	21u1896	an-en
1009	cc	8.36	2024-01-11	2024-01-04	FBL311	21s3570	an-en
1010	tps	19.48	2024-01-11	2024-01-04	FBL311	21s3570	an-en
1011	examen	20.66	2024-01-11	2024-01-04	FBL311	21s3570	an-en
1012	cc	13.63	2024-01-11	2024-01-04	FBL311	21u7531	an-en
1013	tps	3.67	2024-01-11	2024-01-04	FBL311	21u7531	an-en
1014	examen	39.03	2024-01-11	2024-01-04	FBL311	21u7531	an-en
1015	cc	3.88	2024-01-11	2024-01-04	FBL311	21u8159	an-en
1016	tps	4.52	2024-01-11	2024-01-04	FBL311	21u8159	an-en
1017	examen	2.64	2024-01-11	2024-01-04	FBL311	21u8159	an-en
1018	cc	16.28	2024-01-11	2024-01-04	FBL311	17s7049	an-en
1019	tps	5.78	2024-01-11	2024-01-04	FBL311	17s7049	an-en
1020	examen	8.00	2024-01-11	2024-01-04	FBL311	17s7049	an-en
1021	cc	2.46	2024-01-11	2024-01-04	FBL311	21s7149	an-en
1022	tps	2.47	2024-01-11	2024-01-04	FBL311	21s7149	an-en
1023	examen	48.75	2024-01-11	2024-01-04	FBL311	21s7149	an-en
1024	cc	17.08	2024-01-11	2024-01-04	FBL311	21t2032	an-en
1025	tps	5.94	2024-01-11	2024-01-04	FBL311	21t2032	an-en
1026	examen	15.42	2024-01-11	2024-01-04	FBL311	21t2032	an-en
1027	cc	3.99	2024-01-11	2024-01-04	FBL311	21v1799	an-en
1028	tps	3.67	2024-01-11	2024-01-04	FBL311	21v1799	an-en
1029	examen	31.87	2024-01-11	2024-01-04	FBL311	21v1799	an-en
1030	cc	0.94	2024-01-11	2024-01-04	FBL311	17s2688	an-en
1031	tps	21.03	2024-01-11	2024-01-04	FBL311	17s2688	an-en
1032	examen	8.34	2024-01-11	2024-01-04	FBL311	17s2688	an-en
1033	cc	18.01	2024-01-11	2024-01-04	FBL311	21u5780	an-en
1034	tps	25.59	2024-01-11	2024-01-04	FBL311	21u5780	an-en
1035	examen	48.43	2024-01-11	2024-01-04	FBL311	21u5780	an-en
1036	cc	2.48	2024-01-11	2024-01-04	FBL311	14s1742	an-en
1037	tps	19.09	2024-01-11	2024-01-04	FBL311	14s1742	an-en
1038	examen	26.74	2024-01-11	2024-01-04	FBL311	14s1742	an-en
1039	cc	4.53	2024-01-11	2024-01-04	FBL311	22t1390	an-en
1040	tps	12.15	2024-01-11	2024-01-04	FBL311	22t1390	an-en
1041	examen	11.94	2024-01-11	2024-01-04	FBL311	22t1390	an-en
1042	cc	0.34	2024-01-11	2024-01-04	FBL311	22t9244	an-en
1043	tps	29.66	2024-01-11	2024-01-04	FBL311	22t9244	an-en
1044	examen	12.69	2024-01-11	2024-01-04	FBL311	22t9244	an-en
1045	cc	15.28	2024-01-11	2024-01-04	FBL311	21s0330	an-en
1046	tps	14.02	2024-01-11	2024-01-04	FBL311	21s0330	an-en
1047	examen	47.13	2024-01-11	2024-01-04	FBL311	21s0330	an-en
1048	cc	4.75	2024-01-11	2024-01-04	FBL311	20u1616	an-en
1049	tps	17.01	2024-01-11	2024-01-04	FBL311	20u1616	an-en
1050	examen	23.52	2024-01-11	2024-01-04	FBL311	20u1616	an-en
1051	cc	3.02	2024-01-11	2024-01-04	FBL311	21s1724	an-en
1052	tps	26.65	2024-01-11	2024-01-04	FBL311	21s1724	an-en
1053	examen	27.22	2024-01-11	2024-01-04	FBL311	21s1724	an-en
1054	cc	0.12	2024-01-11	2024-01-04	FBL311	19u5796	an-en
1055	tps	18.71	2024-01-11	2024-01-04	FBL311	19u5796	an-en
1056	examen	18.13	2024-01-11	2024-01-04	FBL311	19u5796	an-en
1057	cc	4.67	2024-01-11	2024-01-04	FBL311	17s0862	an-en
1058	tps	19.02	2024-01-11	2024-01-04	FBL311	17s0862	an-en
1059	examen	46.91	2024-01-11	2024-01-04	FBL311	17s0862	an-en
1060	cc	2.11	2024-01-11	2024-01-04	FBL311	21t8930	an-en
1061	tps	2.17	2024-01-11	2024-01-04	FBL311	21t8930	an-en
1062	examen	44.27	2024-01-11	2024-01-04	FBL311	21t8930	an-en
1063	cc	4.09	2024-01-11	2024-01-04	FBL311	21v9600	an-en
1064	tps	9.45	2024-01-11	2024-01-04	FBL311	21v9600	an-en
1065	examen	44.43	2024-01-11	2024-01-04	FBL311	21v9600	an-en
1066	cc	7.80	2024-01-11	2024-01-04	FBL311	21s9091	an-en
1067	tps	29.55	2024-01-11	2024-01-04	FBL311	21s9091	an-en
1068	examen	45.76	2024-01-11	2024-01-04	FBL311	21s9091	an-en
1069	cc	10.50	2024-01-11	2024-01-04	FBL311	19t6541	an-en
1070	tps	3.19	2024-01-11	2024-01-04	FBL311	19t6541	an-en
1071	examen	17.79	2024-01-11	2024-01-04	FBL311	19t6541	an-en
1072	cc	13.62	2024-01-11	2024-01-04	FBL311	21s8363	an-en
1073	tps	27.69	2024-01-11	2024-01-04	FBL311	21s8363	an-en
1074	examen	32.76	2024-01-11	2024-01-04	FBL311	21s8363	an-en
1075	cc	10.65	2024-01-11	2024-01-04	FBL311	21u5740	an-en
1076	tps	17.08	2024-01-11	2024-01-04	FBL311	21u5740	an-en
1077	examen	18.00	2024-01-11	2024-01-04	FBL311	21u5740	an-en
1078	cc	16.99	2024-01-11	2024-01-04	FBL311	18v1178	an-en
1079	tps	29.70	2024-01-11	2024-01-04	FBL311	18v1178	an-en
1080	examen	42.18	2024-01-11	2024-01-04	FBL311	18v1178	an-en
1081	cc	11.69	2024-01-11	2024-01-04	FBL311	19u6670	an-en
1082	tps	4.55	2024-01-11	2024-01-04	FBL311	19u6670	an-en
1083	examen	5.57	2024-01-11	2024-01-04	FBL311	19u6670	an-en
1084	cc	6.13	2024-01-11	2024-01-04	FBL311	21u0266	an-en
1085	tps	21.47	2024-01-11	2024-01-04	FBL311	21u0266	an-en
1086	examen	30.28	2024-01-11	2024-01-04	FBL311	21u0266	an-en
1087	cc	11.72	2024-01-11	2024-01-04	FBL311	17s8348	an-en
1088	tps	18.13	2024-01-11	2024-01-04	FBL311	17s8348	an-en
1089	examen	21.00	2024-01-11	2024-01-04	FBL311	17s8348	an-en
1090	cc	15.00	2024-01-11	2024-01-04	FBL311	17u0939	an-en
1091	tps	6.24	2024-01-11	2024-01-04	FBL311	17u0939	an-en
1092	examen	13.01	2024-01-11	2024-01-04	FBL311	17u0939	an-en
1093	cc	10.03	2024-01-11	2024-01-04	FBL311	23v6126	an-en
1094	tps	19.62	2024-01-11	2024-01-04	FBL311	23v6126	an-en
1095	examen	32.31	2024-01-11	2024-01-04	FBL311	23v6126	an-en
1096	cc	3.75	2024-01-11	2024-01-04	FBL311	21s6099	an-en
1097	tps	10.51	2024-01-11	2024-01-04	FBL311	21s6099	an-en
1098	examen	25.43	2024-01-11	2024-01-04	FBL311	21s6099	an-en
1099	cc	4.77	2024-01-11	2024-01-04	FBL311	21v5392	an-en
1100	tps	24.41	2024-01-11	2024-01-04	FBL311	21v5392	an-en
1101	examen	8.66	2024-01-11	2024-01-04	FBL311	21v5392	an-en
1102	cc	19.44	2024-01-11	2024-01-04	FBL311	22t3854	an-en
1103	tps	15.47	2024-01-11	2024-01-04	FBL311	22t3854	an-en
1104	examen	4.76	2024-01-11	2024-01-04	FBL311	22t3854	an-en
1105	cc	12.41	2024-01-11	2024-01-04	FBL311	22u5031	an-en
1106	tps	2.06	2024-01-11	2024-01-04	FBL311	22u5031	an-en
1107	examen	15.31	2024-01-11	2024-01-04	FBL311	22u5031	an-en
1108	cc	17.59	2024-01-11	2024-01-04	FBL311	20t0159	an-en
1109	tps	21.58	2024-01-11	2024-01-04	FBL311	20t0159	an-en
1110	examen	17.24	2024-01-11	2024-01-04	FBL311	20t0159	an-en
1111	cc	20.00	2024-01-11	2024-01-04	FBL311	22s7944	an-en
1112	tps	30.00	2024-01-11	2024-01-04	FBL311	22s7944	an-en
1113	examen	50.00	2024-01-11	2024-01-04	FBL311	22s7944	an-en
1114	cc	14.93	2024-01-11	2024-01-04	FBL311	21s6959	an-en
1115	tps	16.63	2024-01-11	2024-01-04	FBL311	21s6959	an-en
1116	examen	27.60	2024-01-11	2024-01-04	FBL311	21s6959	an-en
1117	cc	6.03	2024-01-11	2024-01-04	FBL311	20u2855	an-en
1118	tps	18.21	2024-01-11	2024-01-04	FBL311	20u2855	an-en
1119	examen	30.18	2024-01-11	2024-01-04	FBL311	20u2855	an-en
1120	cc	10.85	2024-01-11	2024-01-04	FBL311	18t1699	an-en
1121	tps	5.73	2024-01-11	2024-01-04	FBL311	18t1699	an-en
1122	examen	47.26	2024-01-11	2024-01-04	FBL311	18t1699	an-en
1123	cc	6.69	2024-01-11	2024-01-04	FBL311	21u3079	an-en
1124	tps	16.47	2024-01-11	2024-01-04	FBL311	21u3079	an-en
1125	examen	46.51	2024-01-11	2024-01-04	FBL311	21u3079	an-en
1126	cc	17.41	2024-01-11	2024-01-04	FBL311	21t4985	an-en
1127	tps	1.46	2024-01-11	2024-01-04	FBL311	21t4985	an-en
1128	examen	16.02	2024-01-11	2024-01-04	FBL311	21t4985	an-en
1129	cc	14.01	2024-01-11	2024-01-04	FBL311	18t2660	an-en
1130	tps	29.44	2024-01-11	2024-01-04	FBL311	18t2660	an-en
1131	examen	3.52	2024-01-11	2024-01-04	FBL311	18t2660	an-en
1132	cc	2.30	2024-01-11	2024-01-04	FBL311	21v0455	an-en
1133	tps	12.12	2024-01-11	2024-01-04	FBL311	21v0455	an-en
1134	examen	0.06	2024-01-11	2024-01-04	FBL311	21v0455	an-en
1135	cc	18.88	2024-01-11	2024-01-04	FBL311	14v0993	an-en
1136	tps	11.28	2024-01-11	2024-01-04	FBL311	14v0993	an-en
1137	examen	46.41	2024-01-11	2024-01-04	FBL311	14v0993	an-en
1138	cc	12.34	2024-01-11	2024-01-04	FBL311	22s4254	an-en
1139	tps	5.43	2024-01-11	2024-01-04	FBL311	22s4254	an-en
1140	examen	8.35	2024-01-11	2024-01-04	FBL311	22s4254	an-en
1141	cc	5.00	2024-01-11	2024-01-04	FBL311	21t2862	an-en
1142	tps	20.00	2024-01-11	2024-01-04	FBL311	21t2862	an-en
1143	examen	45.00	2024-01-11	2024-01-04	FBL311	21t2862	an-en
524	tps	24.21	2024-01-11	2024-01-04	INF331	21v9600	ji-az
543	examen	32.52	2024-01-11	2024-01-04	INF331	19u6670	ji-az
564	examen	45.71	2024-01-11	2024-01-04	INF331	22t3854	ji-az
583	cc	6.69	2024-01-11	2024-01-04	INF331	21u3079	ji-az
591	examen	3.52	2024-01-11	2024-01-04	INF331	18t2660	ji-az
424	cc	5.45	2024-01-11	2024-01-04	INF331	21v8623	ji-az
429	examen	37.97	2024-01-11	2024-01-04	INF331	19u5907	ji-az
450	examen	15.87	2024-01-11	2024-01-04	INF331	21s0320	ji-az
471	examen	49.31	2024-01-11	2024-01-04	INF331	21s3570	ji-az
479	tps	20.53	2024-01-11	2024-01-04	INF331	17s7049	ji-az
480	examen	37.95	2024-01-11	2024-01-04	INF331	17s7049	ji-az
483	examen	45.29	2024-01-11	2024-01-04	INF331	21s7149	ji-az
501	examen	14.97	2024-01-11	2024-01-04	INF331	22t1390	ji-az
\.


--
-- Data for Name: profil_ens; Type: TABLE DATA; Schema: public; Owner: postgres
--

COPY public.profil_ens (id_pr_en, matricule_en) FROM stdin;
\.


--
-- Data for Name: profil_etu; Type: TABLE DATA; Schema: public; Owner: postgres
--

COPY public.profil_etu (id_prof, mgp, matricule) FROM stdin;
\.


--
-- Data for Name: requete; Type: TABLE DATA; Schema: public; Owner: postgres
--

COPY public.requete (id, statut, code_ue, matricule_en) FROM stdin;
3	Non Traiter	INF311	nz-ar
4	Non Traiter	INF311	nz-ar
5	Non Traiter	INF311	nz-ar
7	Non Traiter	INF341	am-ha
12	Non Traiter	INF341	am-ha
32	traiter	INF331	ji-az
1	traiter	INF331	ji-az
17	traiter	INF331	ji-az
24	Non Traiter	INF341	am-ha
18	traiter	INF331	ji-az
33	traiter	INF331	ji-az
34	traiter	INF331	ji-az
35	traiter	INF331	ji-az
29	Non Traiter	INF311	nz-ar
30	Non Traiter	INF321	mo-va
36	traiter	INF331	ji-az
37	traiter	INF331	ji-az
38	Non Traiter	INF321	mo-va
39	Non Traiter	INF321	mo-va
\.


--
-- Data for Name: ue; Type: TABLE DATA; Schema: public; Owner: postgres
--

COPY public.ue (code_ue, nom, credit, matricule_en, type_ue) FROM stdin;
INF331	SOFTWARE INGENEERING	6	ji-az	F
INF341	RESEAUX	6	am-ha	F
FBL311	FORMATION BILINGUE	3	an-en	F
UE_OPT	GL/SR/DS/SEC	3	ts-no	O
INF311	CALCUL SCIENTIFIQUE	6	nz-ar	F
INF321	ALGORITHMIQUE	6	mo-va	F
\.


--
-- Name: Requete_id_seq; Type: SEQUENCE SET; Schema: public; Owner: postgres
--

SELECT pg_catalog.setval('public."Requete_id_seq"', 39, true);


--
-- Name: agenda_id_ag_seq; Type: SEQUENCE SET; Schema: public; Owner: postgres
--

SELECT pg_catalog.setval('public.agenda_id_ag_seq', 1, false);


--
-- Name: annonce_id_ann_seq; Type: SEQUENCE SET; Schema: public; Owner: postgres
--

SELECT pg_catalog.setval('public.annonce_id_ann_seq', 1, false);


--
-- Name: auth_group_id_seq; Type: SEQUENCE SET; Schema: public; Owner: postgres
--

SELECT pg_catalog.setval('public.auth_group_id_seq', 1, false);


--
-- Name: auth_group_permissions_id_seq; Type: SEQUENCE SET; Schema: public; Owner: postgres
--

SELECT pg_catalog.setval('public.auth_group_permissions_id_seq', 1, false);


--
-- Name: auth_permission_id_seq; Type: SEQUENCE SET; Schema: public; Owner: postgres
--

SELECT pg_catalog.setval('public.auth_permission_id_seq', 64, true);


--
-- Name: auth_user_groups_id_seq; Type: SEQUENCE SET; Schema: public; Owner: postgres
--

SELECT pg_catalog.setval('public.auth_user_groups_id_seq', 1, false);


--
-- Name: auth_user_id_seq; Type: SEQUENCE SET; Schema: public; Owner: postgres
--

SELECT pg_catalog.setval('public.auth_user_id_seq', 2, true);


--
-- Name: auth_user_user_permissions_id_seq; Type: SEQUENCE SET; Schema: public; Owner: postgres
--

SELECT pg_catalog.setval('public.auth_user_user_permissions_id_seq', 1, false);


--
-- Name: django_admin_log_id_seq; Type: SEQUENCE SET; Schema: public; Owner: postgres
--

SELECT pg_catalog.setval('public.django_admin_log_id_seq', 106, true);


--
-- Name: django_content_type_id_seq; Type: SEQUENCE SET; Schema: public; Owner: postgres
--

SELECT pg_catalog.setval('public.django_content_type_id_seq', 16, true);


--
-- Name: django_migrations_id_seq; Type: SEQUENCE SET; Schema: public; Owner: postgres
--

SELECT pg_catalog.setval('public.django_migrations_id_seq', 87, true);


--
-- Name: document_id_doc_seq; Type: SEQUENCE SET; Schema: public; Owner: postgres
--

SELECT pg_catalog.setval('public.document_id_doc_seq', 1, true);


--
-- Name: ent_infoConnect_resetlink_id_seq; Type: SEQUENCE SET; Schema: public; Owner: postgres
--

SELECT pg_catalog.setval('public."ent_infoConnect_resetlink_id_seq"', 5, true);


--
-- Name: note_id_note_seq; Type: SEQUENCE SET; Schema: public; Owner: postgres
--

SELECT pg_catalog.setval('public.note_id_note_seq', 1143, true);


--
-- Name: profil_ens_id_pr_en_seq; Type: SEQUENCE SET; Schema: public; Owner: postgres
--

SELECT pg_catalog.setval('public.profil_ens_id_pr_en_seq', 1, false);


--
-- Name: profil_etu_id_prof_seq; Type: SEQUENCE SET; Schema: public; Owner: postgres
--

SELECT pg_catalog.setval('public.profil_etu_id_prof_seq', 1, false);


--
-- Name: requete Requete_pkey; Type: CONSTRAINT; Schema: public; Owner: postgres
--

ALTER TABLE ONLY public.requete
    ADD CONSTRAINT "Requete_pkey" PRIMARY KEY (id);


--
-- Name: agenda agenda_pkey; Type: CONSTRAINT; Schema: public; Owner: postgres
--

ALTER TABLE ONLY public.agenda
    ADD CONSTRAINT agenda_pkey PRIMARY KEY (id_ag);


--
-- Name: annonce annonce_pkey; Type: CONSTRAINT; Schema: public; Owner: postgres
--

ALTER TABLE ONLY public.annonce
    ADD CONSTRAINT annonce_pkey PRIMARY KEY (id_ann);


--
-- Name: auth_group auth_group_name_key; Type: CONSTRAINT; Schema: public; Owner: postgres
--

ALTER TABLE ONLY public.auth_group
    ADD CONSTRAINT auth_group_name_key UNIQUE (name);


--
-- Name: auth_group_permissions auth_group_permissions_group_id_permission_id_0cd325b0_uniq; Type: CONSTRAINT; Schema: public; Owner: postgres
--

ALTER TABLE ONLY public.auth_group_permissions
    ADD CONSTRAINT auth_group_permissions_group_id_permission_id_0cd325b0_uniq UNIQUE (group_id, permission_id);


--
-- Name: auth_group_permissions auth_group_permissions_pkey; Type: CONSTRAINT; Schema: public; Owner: postgres
--

ALTER TABLE ONLY public.auth_group_permissions
    ADD CONSTRAINT auth_group_permissions_pkey PRIMARY KEY (id);


--
-- Name: auth_group auth_group_pkey; Type: CONSTRAINT; Schema: public; Owner: postgres
--

ALTER TABLE ONLY public.auth_group
    ADD CONSTRAINT auth_group_pkey PRIMARY KEY (id);


--
-- Name: auth_permission auth_permission_content_type_id_codename_01ab375a_uniq; Type: CONSTRAINT; Schema: public; Owner: postgres
--

ALTER TABLE ONLY public.auth_permission
    ADD CONSTRAINT auth_permission_content_type_id_codename_01ab375a_uniq UNIQUE (content_type_id, codename);


--
-- Name: auth_permission auth_permission_pkey; Type: CONSTRAINT; Schema: public; Owner: postgres
--

ALTER TABLE ONLY public.auth_permission
    ADD CONSTRAINT auth_permission_pkey PRIMARY KEY (id);


--
-- Name: auth_user_groups auth_user_groups_pkey; Type: CONSTRAINT; Schema: public; Owner: postgres
--

ALTER TABLE ONLY public.auth_user_groups
    ADD CONSTRAINT auth_user_groups_pkey PRIMARY KEY (id);


--
-- Name: auth_user_groups auth_user_groups_user_id_group_id_94350c0c_uniq; Type: CONSTRAINT; Schema: public; Owner: postgres
--

ALTER TABLE ONLY public.auth_user_groups
    ADD CONSTRAINT auth_user_groups_user_id_group_id_94350c0c_uniq UNIQUE (user_id, group_id);


--
-- Name: auth_user auth_user_pkey; Type: CONSTRAINT; Schema: public; Owner: postgres
--

ALTER TABLE ONLY public.auth_user
    ADD CONSTRAINT auth_user_pkey PRIMARY KEY (id);


--
-- Name: auth_user_user_permissions auth_user_user_permissions_pkey; Type: CONSTRAINT; Schema: public; Owner: postgres
--

ALTER TABLE ONLY public.auth_user_user_permissions
    ADD CONSTRAINT auth_user_user_permissions_pkey PRIMARY KEY (id);


--
-- Name: auth_user_user_permissions auth_user_user_permissions_user_id_permission_id_14a6b632_uniq; Type: CONSTRAINT; Schema: public; Owner: postgres
--

ALTER TABLE ONLY public.auth_user_user_permissions
    ADD CONSTRAINT auth_user_user_permissions_user_id_permission_id_14a6b632_uniq UNIQUE (user_id, permission_id);


--
-- Name: auth_user auth_user_username_key; Type: CONSTRAINT; Schema: public; Owner: postgres
--

ALTER TABLE ONLY public.auth_user
    ADD CONSTRAINT auth_user_username_key UNIQUE (username);


--
-- Name: django_admin_log django_admin_log_pkey; Type: CONSTRAINT; Schema: public; Owner: postgres
--

ALTER TABLE ONLY public.django_admin_log
    ADD CONSTRAINT django_admin_log_pkey PRIMARY KEY (id);


--
-- Name: django_content_type django_content_type_app_label_model_76bd3d3b_uniq; Type: CONSTRAINT; Schema: public; Owner: postgres
--

ALTER TABLE ONLY public.django_content_type
    ADD CONSTRAINT django_content_type_app_label_model_76bd3d3b_uniq UNIQUE (app_label, model);


--
-- Name: django_content_type django_content_type_pkey; Type: CONSTRAINT; Schema: public; Owner: postgres
--

ALTER TABLE ONLY public.django_content_type
    ADD CONSTRAINT django_content_type_pkey PRIMARY KEY (id);


--
-- Name: django_migrations django_migrations_pkey; Type: CONSTRAINT; Schema: public; Owner: postgres
--

ALTER TABLE ONLY public.django_migrations
    ADD CONSTRAINT django_migrations_pkey PRIMARY KEY (id);


--
-- Name: django_session django_session_pkey; Type: CONSTRAINT; Schema: public; Owner: postgres
--

ALTER TABLE ONLY public.django_session
    ADD CONSTRAINT django_session_pkey PRIMARY KEY (session_key);


--
-- Name: document document_pkey; Type: CONSTRAINT; Schema: public; Owner: postgres
--

ALTER TABLE ONLY public.document
    ADD CONSTRAINT document_pkey PRIMARY KEY (id_doc);


--
-- Name: enseignant enseignant_pkey; Type: CONSTRAINT; Schema: public; Owner: postgres
--

ALTER TABLE ONLY public.enseignant
    ADD CONSTRAINT enseignant_pkey PRIMARY KEY (matricule_en);


--
-- Name: ent_infoConnect_resetlink ent_infoConnect_resetlink_pkey; Type: CONSTRAINT; Schema: public; Owner: postgres
--

ALTER TABLE ONLY public."ent_infoConnect_resetlink"
    ADD CONSTRAINT "ent_infoConnect_resetlink_pkey" PRIMARY KEY (id);


--
-- Name: etudiant etudiant_email_68b43f7f_uniq; Type: CONSTRAINT; Schema: public; Owner: postgres
--

ALTER TABLE ONLY public.etudiant
    ADD CONSTRAINT etudiant_email_68b43f7f_uniq UNIQUE (email);


--
-- Name: etudiant etudiant_pkey; Type: CONSTRAINT; Schema: public; Owner: postgres
--

ALTER TABLE ONLY public.etudiant
    ADD CONSTRAINT etudiant_pkey PRIMARY KEY (matricule);


--
-- Name: note note_pkey; Type: CONSTRAINT; Schema: public; Owner: postgres
--

ALTER TABLE ONLY public.note
    ADD CONSTRAINT note_pkey PRIMARY KEY (id_note);


--
-- Name: profil_ens profil_ens_pkey; Type: CONSTRAINT; Schema: public; Owner: postgres
--

ALTER TABLE ONLY public.profil_ens
    ADD CONSTRAINT profil_ens_pkey PRIMARY KEY (id_pr_en);


--
-- Name: profil_etu profil_etu_pkey; Type: CONSTRAINT; Schema: public; Owner: postgres
--

ALTER TABLE ONLY public.profil_etu
    ADD CONSTRAINT profil_etu_pkey PRIMARY KEY (id_prof);


--
-- Name: ue ue_pkey; Type: CONSTRAINT; Schema: public; Owner: postgres
--

ALTER TABLE ONLY public.ue
    ADD CONSTRAINT ue_pkey PRIMARY KEY (code_ue);


--
-- Name: Requete_code_ue_3a3fde43; Type: INDEX; Schema: public; Owner: postgres
--

CREATE INDEX "Requete_code_ue_3a3fde43" ON public.requete USING btree (code_ue);


--
-- Name: Requete_code_ue_3a3fde43_like; Type: INDEX; Schema: public; Owner: postgres
--

CREATE INDEX "Requete_code_ue_3a3fde43_like" ON public.requete USING btree (code_ue varchar_pattern_ops);


--
-- Name: Requete_matricule_en_a01dfe92; Type: INDEX; Schema: public; Owner: postgres
--

CREATE INDEX "Requete_matricule_en_a01dfe92" ON public.requete USING btree (matricule_en);


--
-- Name: Requete_matricule_en_a01dfe92_like; Type: INDEX; Schema: public; Owner: postgres
--

CREATE INDEX "Requete_matricule_en_a01dfe92_like" ON public.requete USING btree (matricule_en varchar_pattern_ops);


--
-- Name: agenda_matricule_b24a3959; Type: INDEX; Schema: public; Owner: postgres
--

CREATE INDEX agenda_matricule_b24a3959 ON public.agenda USING btree (matricule);


--
-- Name: agenda_matricule_b24a3959_like; Type: INDEX; Schema: public; Owner: postgres
--

CREATE INDEX agenda_matricule_b24a3959_like ON public.agenda USING btree (matricule varchar_pattern_ops);


--
-- Name: agenda_matricule_en_3caf6158; Type: INDEX; Schema: public; Owner: postgres
--

CREATE INDEX agenda_matricule_en_3caf6158 ON public.agenda USING btree (matricule_en);


--
-- Name: agenda_matricule_en_3caf6158_like; Type: INDEX; Schema: public; Owner: postgres
--

CREATE INDEX agenda_matricule_en_3caf6158_like ON public.agenda USING btree (matricule_en varchar_pattern_ops);


--
-- Name: annonce_matricule_ae49bb65; Type: INDEX; Schema: public; Owner: postgres
--

CREATE INDEX annonce_matricule_ae49bb65 ON public.annonce USING btree (matricule);


--
-- Name: annonce_matricule_ae49bb65_like; Type: INDEX; Schema: public; Owner: postgres
--

CREATE INDEX annonce_matricule_ae49bb65_like ON public.annonce USING btree (matricule varchar_pattern_ops);


--
-- Name: annonce_matricule_en_bd0a88fe; Type: INDEX; Schema: public; Owner: postgres
--

CREATE INDEX annonce_matricule_en_bd0a88fe ON public.annonce USING btree (matricule_en);


--
-- Name: annonce_matricule_en_bd0a88fe_like; Type: INDEX; Schema: public; Owner: postgres
--

CREATE INDEX annonce_matricule_en_bd0a88fe_like ON public.annonce USING btree (matricule_en varchar_pattern_ops);


--
-- Name: auth_group_name_a6ea08ec_like; Type: INDEX; Schema: public; Owner: postgres
--

CREATE INDEX auth_group_name_a6ea08ec_like ON public.auth_group USING btree (name varchar_pattern_ops);


--
-- Name: auth_group_permissions_group_id_b120cbf9; Type: INDEX; Schema: public; Owner: postgres
--

CREATE INDEX auth_group_permissions_group_id_b120cbf9 ON public.auth_group_permissions USING btree (group_id);


--
-- Name: auth_group_permissions_permission_id_84c5c92e; Type: INDEX; Schema: public; Owner: postgres
--

CREATE INDEX auth_group_permissions_permission_id_84c5c92e ON public.auth_group_permissions USING btree (permission_id);


--
-- Name: auth_permission_content_type_id_2f476e4b; Type: INDEX; Schema: public; Owner: postgres
--

CREATE INDEX auth_permission_content_type_id_2f476e4b ON public.auth_permission USING btree (content_type_id);


--
-- Name: auth_user_groups_group_id_97559544; Type: INDEX; Schema: public; Owner: postgres
--

CREATE INDEX auth_user_groups_group_id_97559544 ON public.auth_user_groups USING btree (group_id);


--
-- Name: auth_user_groups_user_id_6a12ed8b; Type: INDEX; Schema: public; Owner: postgres
--

CREATE INDEX auth_user_groups_user_id_6a12ed8b ON public.auth_user_groups USING btree (user_id);


--
-- Name: auth_user_user_permissions_permission_id_1fbb5f2c; Type: INDEX; Schema: public; Owner: postgres
--

CREATE INDEX auth_user_user_permissions_permission_id_1fbb5f2c ON public.auth_user_user_permissions USING btree (permission_id);


--
-- Name: auth_user_user_permissions_user_id_a95ead1b; Type: INDEX; Schema: public; Owner: postgres
--

CREATE INDEX auth_user_user_permissions_user_id_a95ead1b ON public.auth_user_user_permissions USING btree (user_id);


--
-- Name: auth_user_username_6821ab7c_like; Type: INDEX; Schema: public; Owner: postgres
--

CREATE INDEX auth_user_username_6821ab7c_like ON public.auth_user USING btree (username varchar_pattern_ops);


--
-- Name: django_admin_log_content_type_id_c4bce8eb; Type: INDEX; Schema: public; Owner: postgres
--

CREATE INDEX django_admin_log_content_type_id_c4bce8eb ON public.django_admin_log USING btree (content_type_id);


--
-- Name: django_admin_log_user_id_c564eba6; Type: INDEX; Schema: public; Owner: postgres
--

CREATE INDEX django_admin_log_user_id_c564eba6 ON public.django_admin_log USING btree (user_id);


--
-- Name: django_session_expire_date_a5c62663; Type: INDEX; Schema: public; Owner: postgres
--

CREATE INDEX django_session_expire_date_a5c62663 ON public.django_session USING btree (expire_date);


--
-- Name: django_session_session_key_c0390e0f_like; Type: INDEX; Schema: public; Owner: postgres
--

CREATE INDEX django_session_session_key_c0390e0f_like ON public.django_session USING btree (session_key varchar_pattern_ops);


--
-- Name: document_matricule_en_8aadb02b; Type: INDEX; Schema: public; Owner: postgres
--

CREATE INDEX document_matricule_en_8aadb02b ON public.document USING btree (matricule_en);


--
-- Name: document_matricule_en_8aadb02b_like; Type: INDEX; Schema: public; Owner: postgres
--

CREATE INDEX document_matricule_en_8aadb02b_like ON public.document USING btree (matricule_en varchar_pattern_ops);


--
-- Name: ent_infoConnect_resetlink_content_type_id_e1a2a316; Type: INDEX; Schema: public; Owner: postgres
--

CREATE INDEX "ent_infoConnect_resetlink_content_type_id_e1a2a316" ON public."ent_infoConnect_resetlink" USING btree (content_type_id);


--
-- Name: etudiant_email_68b43f7f_like; Type: INDEX; Schema: public; Owner: postgres
--

CREATE INDEX etudiant_email_68b43f7f_like ON public.etudiant USING btree (email varchar_pattern_ops);


--
-- Name: note_code_ue_7907badc; Type: INDEX; Schema: public; Owner: postgres
--

CREATE INDEX note_code_ue_7907badc ON public.note USING btree (code_ue);


--
-- Name: note_code_ue_7907badc_like; Type: INDEX; Schema: public; Owner: postgres
--

CREATE INDEX note_code_ue_7907badc_like ON public.note USING btree (code_ue varchar_pattern_ops);


--
-- Name: note_matricule_6ad16e85; Type: INDEX; Schema: public; Owner: postgres
--

CREATE INDEX note_matricule_6ad16e85 ON public.note USING btree (matricule);


--
-- Name: note_matricule_6ad16e85_like; Type: INDEX; Schema: public; Owner: postgres
--

CREATE INDEX note_matricule_6ad16e85_like ON public.note USING btree (matricule varchar_pattern_ops);


--
-- Name: note_matricule_en_68a95e98; Type: INDEX; Schema: public; Owner: postgres
--

CREATE INDEX note_matricule_en_68a95e98 ON public.note USING btree (matricule_en);


--
-- Name: note_matricule_en_68a95e98_like; Type: INDEX; Schema: public; Owner: postgres
--

CREATE INDEX note_matricule_en_68a95e98_like ON public.note USING btree (matricule_en varchar_pattern_ops);


--
-- Name: profil_ens_matricule_en_d55600c6; Type: INDEX; Schema: public; Owner: postgres
--

CREATE INDEX profil_ens_matricule_en_d55600c6 ON public.profil_ens USING btree (matricule_en);


--
-- Name: profil_ens_matricule_en_d55600c6_like; Type: INDEX; Schema: public; Owner: postgres
--

CREATE INDEX profil_ens_matricule_en_d55600c6_like ON public.profil_ens USING btree (matricule_en varchar_pattern_ops);


--
-- Name: profil_etu_matricule_80e7367b; Type: INDEX; Schema: public; Owner: postgres
--

CREATE INDEX profil_etu_matricule_80e7367b ON public.profil_etu USING btree (matricule);


--
-- Name: profil_etu_matricule_80e7367b_like; Type: INDEX; Schema: public; Owner: postgres
--

CREATE INDEX profil_etu_matricule_80e7367b_like ON public.profil_etu USING btree (matricule varchar_pattern_ops);


--
-- Name: ue_matricule_en_cca597fc; Type: INDEX; Schema: public; Owner: postgres
--

CREATE INDEX ue_matricule_en_cca597fc ON public.ue USING btree (matricule_en);


--
-- Name: ue_matricule_en_cca597fc_like; Type: INDEX; Schema: public; Owner: postgres
--

CREATE INDEX ue_matricule_en_cca597fc_like ON public.ue USING btree (matricule_en varchar_pattern_ops);


--
-- Name: requete Requete_code_ue_3a3fde43_fk_ue_code_ue; Type: FK CONSTRAINT; Schema: public; Owner: postgres
--

ALTER TABLE ONLY public.requete
    ADD CONSTRAINT "Requete_code_ue_3a3fde43_fk_ue_code_ue" FOREIGN KEY (code_ue) REFERENCES public.ue(code_ue) DEFERRABLE INITIALLY DEFERRED;


--
-- Name: requete Requete_matricule_en_a01dfe92_fk_enseignant_matricule_en; Type: FK CONSTRAINT; Schema: public; Owner: postgres
--

ALTER TABLE ONLY public.requete
    ADD CONSTRAINT "Requete_matricule_en_a01dfe92_fk_enseignant_matricule_en" FOREIGN KEY (matricule_en) REFERENCES public.enseignant(matricule_en) DEFERRABLE INITIALLY DEFERRED;


--
-- Name: agenda agenda_matricule_b24a3959_fk_etudiant_matricule; Type: FK CONSTRAINT; Schema: public; Owner: postgres
--

ALTER TABLE ONLY public.agenda
    ADD CONSTRAINT agenda_matricule_b24a3959_fk_etudiant_matricule FOREIGN KEY (matricule) REFERENCES public.etudiant(matricule) DEFERRABLE INITIALLY DEFERRED;


--
-- Name: agenda agenda_matricule_en_3caf6158_fk_enseignant_matricule_en; Type: FK CONSTRAINT; Schema: public; Owner: postgres
--

ALTER TABLE ONLY public.agenda
    ADD CONSTRAINT agenda_matricule_en_3caf6158_fk_enseignant_matricule_en FOREIGN KEY (matricule_en) REFERENCES public.enseignant(matricule_en) DEFERRABLE INITIALLY DEFERRED;


--
-- Name: annonce annonce_matricule_ae49bb65_fk_etudiant_matricule; Type: FK CONSTRAINT; Schema: public; Owner: postgres
--

ALTER TABLE ONLY public.annonce
    ADD CONSTRAINT annonce_matricule_ae49bb65_fk_etudiant_matricule FOREIGN KEY (matricule) REFERENCES public.etudiant(matricule) DEFERRABLE INITIALLY DEFERRED;


--
-- Name: annonce annonce_matricule_en_bd0a88fe_fk_enseignant_matricule_en; Type: FK CONSTRAINT; Schema: public; Owner: postgres
--

ALTER TABLE ONLY public.annonce
    ADD CONSTRAINT annonce_matricule_en_bd0a88fe_fk_enseignant_matricule_en FOREIGN KEY (matricule_en) REFERENCES public.enseignant(matricule_en) DEFERRABLE INITIALLY DEFERRED;


--
-- Name: auth_group_permissions auth_group_permissio_permission_id_84c5c92e_fk_auth_perm; Type: FK CONSTRAINT; Schema: public; Owner: postgres
--

ALTER TABLE ONLY public.auth_group_permissions
    ADD CONSTRAINT auth_group_permissio_permission_id_84c5c92e_fk_auth_perm FOREIGN KEY (permission_id) REFERENCES public.auth_permission(id) DEFERRABLE INITIALLY DEFERRED;


--
-- Name: auth_group_permissions auth_group_permissions_group_id_b120cbf9_fk_auth_group_id; Type: FK CONSTRAINT; Schema: public; Owner: postgres
--

ALTER TABLE ONLY public.auth_group_permissions
    ADD CONSTRAINT auth_group_permissions_group_id_b120cbf9_fk_auth_group_id FOREIGN KEY (group_id) REFERENCES public.auth_group(id) DEFERRABLE INITIALLY DEFERRED;


--
-- Name: auth_permission auth_permission_content_type_id_2f476e4b_fk_django_co; Type: FK CONSTRAINT; Schema: public; Owner: postgres
--

ALTER TABLE ONLY public.auth_permission
    ADD CONSTRAINT auth_permission_content_type_id_2f476e4b_fk_django_co FOREIGN KEY (content_type_id) REFERENCES public.django_content_type(id) DEFERRABLE INITIALLY DEFERRED;


--
-- Name: auth_user_groups auth_user_groups_group_id_97559544_fk_auth_group_id; Type: FK CONSTRAINT; Schema: public; Owner: postgres
--

ALTER TABLE ONLY public.auth_user_groups
    ADD CONSTRAINT auth_user_groups_group_id_97559544_fk_auth_group_id FOREIGN KEY (group_id) REFERENCES public.auth_group(id) DEFERRABLE INITIALLY DEFERRED;


--
-- Name: auth_user_groups auth_user_groups_user_id_6a12ed8b_fk_auth_user_id; Type: FK CONSTRAINT; Schema: public; Owner: postgres
--

ALTER TABLE ONLY public.auth_user_groups
    ADD CONSTRAINT auth_user_groups_user_id_6a12ed8b_fk_auth_user_id FOREIGN KEY (user_id) REFERENCES public.auth_user(id) DEFERRABLE INITIALLY DEFERRED;


--
-- Name: auth_user_user_permissions auth_user_user_permi_permission_id_1fbb5f2c_fk_auth_perm; Type: FK CONSTRAINT; Schema: public; Owner: postgres
--

ALTER TABLE ONLY public.auth_user_user_permissions
    ADD CONSTRAINT auth_user_user_permi_permission_id_1fbb5f2c_fk_auth_perm FOREIGN KEY (permission_id) REFERENCES public.auth_permission(id) DEFERRABLE INITIALLY DEFERRED;


--
-- Name: auth_user_user_permissions auth_user_user_permissions_user_id_a95ead1b_fk_auth_user_id; Type: FK CONSTRAINT; Schema: public; Owner: postgres
--

ALTER TABLE ONLY public.auth_user_user_permissions
    ADD CONSTRAINT auth_user_user_permissions_user_id_a95ead1b_fk_auth_user_id FOREIGN KEY (user_id) REFERENCES public.auth_user(id) DEFERRABLE INITIALLY DEFERRED;


--
-- Name: django_admin_log django_admin_log_content_type_id_c4bce8eb_fk_django_co; Type: FK CONSTRAINT; Schema: public; Owner: postgres
--

ALTER TABLE ONLY public.django_admin_log
    ADD CONSTRAINT django_admin_log_content_type_id_c4bce8eb_fk_django_co FOREIGN KEY (content_type_id) REFERENCES public.django_content_type(id) DEFERRABLE INITIALLY DEFERRED;


--
-- Name: django_admin_log django_admin_log_user_id_c564eba6_fk_auth_user_id; Type: FK CONSTRAINT; Schema: public; Owner: postgres
--

ALTER TABLE ONLY public.django_admin_log
    ADD CONSTRAINT django_admin_log_user_id_c564eba6_fk_auth_user_id FOREIGN KEY (user_id) REFERENCES public.auth_user(id) DEFERRABLE INITIALLY DEFERRED;


--
-- Name: document document_matricule_en_8aadb02b_fk_enseignant_matricule_en; Type: FK CONSTRAINT; Schema: public; Owner: postgres
--

ALTER TABLE ONLY public.document
    ADD CONSTRAINT document_matricule_en_8aadb02b_fk_enseignant_matricule_en FOREIGN KEY (matricule_en) REFERENCES public.enseignant(matricule_en) DEFERRABLE INITIALLY DEFERRED;


--
-- Name: ent_infoConnect_resetlink ent_infoConnect_rese_content_type_id_e1a2a316_fk_django_co; Type: FK CONSTRAINT; Schema: public; Owner: postgres
--

ALTER TABLE ONLY public."ent_infoConnect_resetlink"
    ADD CONSTRAINT "ent_infoConnect_rese_content_type_id_e1a2a316_fk_django_co" FOREIGN KEY (content_type_id) REFERENCES public.django_content_type(id) DEFERRABLE INITIALLY DEFERRED;


--
-- Name: note note_code_ue_7907badc_fk_ue_code_ue; Type: FK CONSTRAINT; Schema: public; Owner: postgres
--

ALTER TABLE ONLY public.note
    ADD CONSTRAINT note_code_ue_7907badc_fk_ue_code_ue FOREIGN KEY (code_ue) REFERENCES public.ue(code_ue) DEFERRABLE INITIALLY DEFERRED;


--
-- Name: note note_matricule_6ad16e85_fk_etudiant_matricule; Type: FK CONSTRAINT; Schema: public; Owner: postgres
--

ALTER TABLE ONLY public.note
    ADD CONSTRAINT note_matricule_6ad16e85_fk_etudiant_matricule FOREIGN KEY (matricule) REFERENCES public.etudiant(matricule) DEFERRABLE INITIALLY DEFERRED;


--
-- Name: note note_matricule_en_68a95e98_fk_enseignant_matricule_en; Type: FK CONSTRAINT; Schema: public; Owner: postgres
--

ALTER TABLE ONLY public.note
    ADD CONSTRAINT note_matricule_en_68a95e98_fk_enseignant_matricule_en FOREIGN KEY (matricule_en) REFERENCES public.enseignant(matricule_en) DEFERRABLE INITIALLY DEFERRED;


--
-- Name: profil_ens profil_ens_matricule_en_d55600c6_fk_enseignant_matricule_en; Type: FK CONSTRAINT; Schema: public; Owner: postgres
--

ALTER TABLE ONLY public.profil_ens
    ADD CONSTRAINT profil_ens_matricule_en_d55600c6_fk_enseignant_matricule_en FOREIGN KEY (matricule_en) REFERENCES public.enseignant(matricule_en) DEFERRABLE INITIALLY DEFERRED;


--
-- Name: profil_etu profil_etu_matricule_80e7367b_fk_etudiant_matricule; Type: FK CONSTRAINT; Schema: public; Owner: postgres
--

ALTER TABLE ONLY public.profil_etu
    ADD CONSTRAINT profil_etu_matricule_80e7367b_fk_etudiant_matricule FOREIGN KEY (matricule) REFERENCES public.etudiant(matricule) DEFERRABLE INITIALLY DEFERRED;


--
-- Name: ue ue_matricule_en_cca597fc_fk_enseignant_matricule_en; Type: FK CONSTRAINT; Schema: public; Owner: postgres
--

ALTER TABLE ONLY public.ue
    ADD CONSTRAINT ue_matricule_en_cca597fc_fk_enseignant_matricule_en FOREIGN KEY (matricule_en) REFERENCES public.enseignant(matricule_en) DEFERRABLE INITIALLY DEFERRED;


--
-- PostgreSQL database dump complete
--

