--
-- PostgreSQL database dump
--

-- Dumped from database version 14.6
-- Dumped by pg_dump version 14.6

SET statement_timeout = 0;
SET lock_timeout = 0;
SET idle_in_transaction_session_timeout = 0;
SET client_encoding = 'UTF8';
SET standard_conforming_strings = on;
SELECT pg_catalog.set_config('search_path', '', false);
SET check_function_bodies = false;
SET xmloption = content;
SET client_min_messages = warning;
SET row_security = off;

SET default_tablespace = '';

SET default_table_access_method = heap;

--
-- Name: agenda; Type: TABLE; Schema: public; Owner: postgres
--

CREATE TABLE public.agenda (
    id_ag integer NOT NULL,
    titre character varying(255),
    date_deb_ag date,
    date_fin date,
    note character varying(255),
    matricule character varying(10),
    matricule_en character varying(20)
);


ALTER TABLE public.agenda OWNER TO postgres;

--
-- Name: agenda_id_ag_seq; Type: SEQUENCE; Schema: public; Owner: postgres
--

CREATE SEQUENCE public.agenda_id_ag_seq
    AS integer
    START WITH 1
    INCREMENT BY 1
    NO MINVALUE
    NO MAXVALUE
    CACHE 1;


ALTER TABLE public.agenda_id_ag_seq OWNER TO postgres;

--
-- Name: agenda_id_ag_seq; Type: SEQUENCE OWNED BY; Schema: public; Owner: postgres
--

ALTER SEQUENCE public.agenda_id_ag_seq OWNED BY public.agenda.id_ag;


--
-- Name: annonce; Type: TABLE; Schema: public; Owner: postgres
--

CREATE TABLE public.annonce (
    id_ann integer NOT NULL,
    texte text,
    date_pub date,
    categorie character varying(255),
    titre character varying(255),
    matricule character varying(10),
    matricule_en character varying(20)
);


ALTER TABLE public.annonce OWNER TO postgres;

--
-- Name: annonce_id_ann_seq; Type: SEQUENCE; Schema: public; Owner: postgres
--

CREATE SEQUENCE public.annonce_id_ann_seq
    AS integer
    START WITH 1
    INCREMENT BY 1
    NO MINVALUE
    NO MAXVALUE
    CACHE 1;


ALTER TABLE public.annonce_id_ann_seq OWNER TO postgres;

--
-- Name: annonce_id_ann_seq; Type: SEQUENCE OWNED BY; Schema: public; Owner: postgres
--

ALTER SEQUENCE public.annonce_id_ann_seq OWNED BY public.annonce.id_ann;


--
-- Name: auth_group; Type: TABLE; Schema: public; Owner: postgres
--

CREATE TABLE public.auth_group (
    id integer NOT NULL,
    name character varying(150) NOT NULL
);


ALTER TABLE public.auth_group OWNER TO postgres;

--
-- Name: auth_group_id_seq; Type: SEQUENCE; Schema: public; Owner: postgres
--

ALTER TABLE public.auth_group ALTER COLUMN id ADD GENERATED BY DEFAULT AS IDENTITY (
    SEQUENCE NAME public.auth_group_id_seq
    START WITH 1
    INCREMENT BY 1
    NO MINVALUE
    NO MAXVALUE
    CACHE 1
);


--
-- Name: auth_group_permissions; Type: TABLE; Schema: public; Owner: postgres
--

CREATE TABLE public.auth_group_permissions (
    id bigint NOT NULL,
    group_id integer NOT NULL,
    permission_id integer NOT NULL
);


ALTER TABLE public.auth_group_permissions OWNER TO postgres;

--
-- Name: auth_group_permissions_id_seq; Type: SEQUENCE; Schema: public; Owner: postgres
--

ALTER TABLE public.auth_group_permissions ALTER COLUMN id ADD GENERATED BY DEFAULT AS IDENTITY (
    SEQUENCE NAME public.auth_group_permissions_id_seq
    START WITH 1
    INCREMENT BY 1
    NO MINVALUE
    NO MAXVALUE
    CACHE 1
);


--
-- Name: auth_permission; Type: TABLE; Schema: public; Owner: postgres
--

CREATE TABLE public.auth_permission (
    id integer NOT NULL,
    name character varying(255) NOT NULL,
    content_type_id integer NOT NULL,
    codename character varying(100) NOT NULL
);


ALTER TABLE public.auth_permission OWNER TO postgres;

--
-- Name: auth_permission_id_seq; Type: SEQUENCE; Schema: public; Owner: postgres
--

ALTER TABLE public.auth_permission ALTER COLUMN id ADD GENERATED BY DEFAULT AS IDENTITY (
    SEQUENCE NAME public.auth_permission_id_seq
    START WITH 1
    INCREMENT BY 1
    NO MINVALUE
    NO MAXVALUE
    CACHE 1
);


--
-- Name: auth_user; Type: TABLE; Schema: public; Owner: postgres
--

CREATE TABLE public.auth_user (
    id integer NOT NULL,
    password character varying(128) NOT NULL,
    last_login timestamp with time zone,
    is_superuser boolean NOT NULL,
    username character varying(150) NOT NULL,
    first_name character varying(150) NOT NULL,
    last_name character varying(150) NOT NULL,
    email character varying(254) NOT NULL,
    is_staff boolean NOT NULL,
    is_active boolean NOT NULL,
    date_joined timestamp with time zone NOT NULL
);


ALTER TABLE public.auth_user OWNER TO postgres;

--
-- Name: auth_user_groups; Type: TABLE; Schema: public; Owner: postgres
--

CREATE TABLE public.auth_user_groups (
    id bigint NOT NULL,
    user_id integer NOT NULL,
    group_id integer NOT NULL
);


ALTER TABLE public.auth_user_groups OWNER TO postgres;

--
-- Name: auth_user_groups_id_seq; Type: SEQUENCE; Schema: public; Owner: postgres
--

ALTER TABLE public.auth_user_groups ALTER COLUMN id ADD GENERATED BY DEFAULT AS IDENTITY (
    SEQUENCE NAME public.auth_user_groups_id_seq
    START WITH 1
    INCREMENT BY 1
    NO MINVALUE
    NO MAXVALUE
    CACHE 1
);


--
-- Name: auth_user_id_seq; Type: SEQUENCE; Schema: public; Owner: postgres
--

ALTER TABLE public.auth_user ALTER COLUMN id ADD GENERATED BY DEFAULT AS IDENTITY (
    SEQUENCE NAME public.auth_user_id_seq
    START WITH 1
    INCREMENT BY 1
    NO MINVALUE
    NO MAXVALUE
    CACHE 1
);


--
-- Name: auth_user_user_permissions; Type: TABLE; Schema: public; Owner: postgres
--

CREATE TABLE public.auth_user_user_permissions (
    id bigint NOT NULL,
    user_id integer NOT NULL,
    permission_id integer NOT NULL
);


ALTER TABLE public.auth_user_user_permissions OWNER TO postgres;

--
-- Name: auth_user_user_permissions_id_seq; Type: SEQUENCE; Schema: public; Owner: postgres
--

ALTER TABLE public.auth_user_user_permissions ALTER COLUMN id ADD GENERATED BY DEFAULT AS IDENTITY (
    SEQUENCE NAME public.auth_user_user_permissions_id_seq
    START WITH 1
    INCREMENT BY 1
    NO MINVALUE
    NO MAXVALUE
    CACHE 1
);


--
-- Name: django_admin_log; Type: TABLE; Schema: public; Owner: postgres
--

CREATE TABLE public.django_admin_log (
    id integer NOT NULL,
    action_time timestamp with time zone NOT NULL,
    object_id text,
    object_repr character varying(200) NOT NULL,
    action_flag smallint NOT NULL,
    change_message text NOT NULL,
    content_type_id integer,
    user_id integer NOT NULL,
    CONSTRAINT django_admin_log_action_flag_check CHECK ((action_flag >= 0))
);


ALTER TABLE public.django_admin_log OWNER TO postgres;

--
-- Name: django_admin_log_id_seq; Type: SEQUENCE; Schema: public; Owner: postgres
--

ALTER TABLE public.django_admin_log ALTER COLUMN id ADD GENERATED BY DEFAULT AS IDENTITY (
    SEQUENCE NAME public.django_admin_log_id_seq
    START WITH 1
    INCREMENT BY 1
    NO MINVALUE
    NO MAXVALUE
    CACHE 1
);


--
-- Name: django_content_type; Type: TABLE; Schema: public; Owner: postgres
--

CREATE TABLE public.django_content_type (
    id integer NOT NULL,
    app_label character varying(100) NOT NULL,
    model character varying(100) NOT NULL
);


ALTER TABLE public.django_content_type OWNER TO postgres;

--
-- Name: django_content_type_id_seq; Type: SEQUENCE; Schema: public; Owner: postgres
--

ALTER TABLE public.django_content_type ALTER COLUMN id ADD GENERATED BY DEFAULT AS IDENTITY (
    SEQUENCE NAME public.django_content_type_id_seq
    START WITH 1
    INCREMENT BY 1
    NO MINVALUE
    NO MAXVALUE
    CACHE 1
);


--
-- Name: django_migrations; Type: TABLE; Schema: public; Owner: postgres
--

CREATE TABLE public.django_migrations (
    id bigint NOT NULL,
    app character varying(255) NOT NULL,
    name character varying(255) NOT NULL,
    applied timestamp with time zone NOT NULL
);


ALTER TABLE public.django_migrations OWNER TO postgres;

--
-- Name: django_migrations_id_seq; Type: SEQUENCE; Schema: public; Owner: postgres
--

ALTER TABLE public.django_migrations ALTER COLUMN id ADD GENERATED BY DEFAULT AS IDENTITY (
    SEQUENCE NAME public.django_migrations_id_seq
    START WITH 1
    INCREMENT BY 1
    NO MINVALUE
    NO MAXVALUE
    CACHE 1
);


--
-- Name: django_session; Type: TABLE; Schema: public; Owner: postgres
--

CREATE TABLE public.django_session (
    session_key character varying(40) NOT NULL,
    session_data text NOT NULL,
    expire_date timestamp with time zone NOT NULL
);


ALTER TABLE public.django_session OWNER TO postgres;

--
-- Name: document; Type: TABLE; Schema: public; Owner: postgres
--

CREATE TABLE public.document (
    id_doc integer NOT NULL,
    titre character varying(255),
    date_doc date,
    type_doc character varying(255),
    matricule_en character varying(20),
    file character varying(100)
);


ALTER TABLE public.document OWNER TO postgres;

--
-- Name: document_id_doc_seq; Type: SEQUENCE; Schema: public; Owner: postgres
--

CREATE SEQUENCE public.document_id_doc_seq
    AS integer
    START WITH 1
    INCREMENT BY 1
    NO MINVALUE
    NO MAXVALUE
    CACHE 1;


ALTER TABLE public.document_id_doc_seq OWNER TO postgres;

--
-- Name: document_id_doc_seq; Type: SEQUENCE OWNED BY; Schema: public; Owner: postgres
--

ALTER SEQUENCE public.document_id_doc_seq OWNED BY public.document.id_doc;


--
-- Name: enseignant; Type: TABLE; Schema: public; Owner: postgres
--

CREATE TABLE public.enseignant (
    matricule_en character varying(20) NOT NULL,
    nom character varying(255),
    prenom character varying(255),
    email character varying(255),
    sexe character(1),
    mot_de_passe_ensei character varying(255),
    last_login timestamp with time zone
);


ALTER TABLE public.enseignant OWNER TO postgres;

--
-- Name: ent_infoConnect_resetlink; Type: TABLE; Schema: public; Owner: postgres
--

CREATE TABLE public."ent_infoConnect_resetlink" (
    id bigint NOT NULL,
    token character varying(100) NOT NULL,
    expiration_time timestamp with time zone NOT NULL,
    content_type_id integer NOT NULL,
    object_id character varying(255) NOT NULL,
    user_type character varying(10) NOT NULL
);


ALTER TABLE public."ent_infoConnect_resetlink" OWNER TO postgres;

--
-- Name: ent_infoConnect_resetlink_id_seq; Type: SEQUENCE; Schema: public; Owner: postgres
--

ALTER TABLE public."ent_infoConnect_resetlink" ALTER COLUMN id ADD GENERATED BY DEFAULT AS IDENTITY (
    SEQUENCE NAME public."ent_infoConnect_resetlink_id_seq"
    START WITH 1
    INCREMENT BY 1
    NO MINVALUE
    NO MAXVALUE
    CACHE 1
);


--
-- Name: etudiant; Type: TABLE; Schema: public; Owner: postgres
--

CREATE TABLE public.etudiant (
    matricule character varying(10) NOT NULL,
    nom character varying(255),
    prenom character varying(255),
    email character varying(255) NOT NULL,
    sexe character(1),
    mot_de_passe character varying(255) NOT NULL,
    filiere character varying(255),
    niveau character(2),
    statut character varying(255),
    last_login timestamp with time zone
);


ALTER TABLE public.etudiant OWNER TO postgres;

--
-- Name: note; Type: TABLE; Schema: public; Owner: postgres
--

CREATE TABLE public.note (
    id_note integer NOT NULL,
    examen character varying(255),
    valeur numeric(5,2),
    date_fin date,
    date_deb date,
    code_ue character varying(10),
    matricule character varying(10),
    matricule_en character varying(20)
);


ALTER TABLE public.note OWNER TO postgres;

--
-- Name: note_id_note_seq; Type: SEQUENCE; Schema: public; Owner: postgres
--

CREATE SEQUENCE public.note_id_note_seq
    AS integer
    START WITH 1
    INCREMENT BY 1
    NO MINVALUE
    NO MAXVALUE
    CACHE 1;


ALTER TABLE public.note_id_note_seq OWNER TO postgres;

--
-- Name: note_id_note_seq; Type: SEQUENCE OWNED BY; Schema: public; Owner: postgres
--

ALTER SEQUENCE public.note_id_note_seq OWNED BY public.note.id_note;


--
-- Name: profil_ens; Type: TABLE; Schema: public; Owner: postgres
--

CREATE TABLE public.profil_ens (
    id_pr_en integer NOT NULL,
    matricule_en character varying(20)
);


ALTER TABLE public.profil_ens OWNER TO postgres;

--
-- Name: profil_ens_id_pr_en_seq; Type: SEQUENCE; Schema: public; Owner: postgres
--

CREATE SEQUENCE public.profil_ens_id_pr_en_seq
    AS integer
    START WITH 1
    INCREMENT BY 1
    NO MINVALUE
    NO MAXVALUE
    CACHE 1;


ALTER TABLE public.profil_ens_id_pr_en_seq OWNER TO postgres;

--
-- Name: profil_ens_id_pr_en_seq; Type: SEQUENCE OWNED BY; Schema: public; Owner: postgres
--

ALTER SEQUENCE public.profil_ens_id_pr_en_seq OWNED BY public.profil_ens.id_pr_en;


--
-- Name: profil_etu; Type: TABLE; Schema: public; Owner: postgres
--

CREATE TABLE public.profil_etu (
    id_prof integer NOT NULL,
    mgp numeric(5,2),
    matricule character varying(10)
);


ALTER TABLE public.profil_etu OWNER TO postgres;

--
-- Name: profil_etu_id_prof_seq; Type: SEQUENCE; Schema: public; Owner: postgres
--

CREATE SEQUENCE public.profil_etu_id_prof_seq
    AS integer
    START WITH 1
    INCREMENT BY 1
    NO MINVALUE
    NO MAXVALUE
    CACHE 1;


ALTER TABLE public.profil_etu_id_prof_seq OWNER TO postgres;

--
-- Name: profil_etu_id_prof_seq; Type: SEQUENCE OWNED BY; Schema: public; Owner: postgres
--

ALTER SEQUENCE public.profil_etu_id_prof_seq OWNED BY public.profil_etu.id_prof;


--
-- Name: ue; Type: TABLE; Schema: public; Owner: postgres
--

CREATE TABLE public.ue (
    code_ue character varying(10) NOT NULL,
    nom character varying(255),
    credit integer,
    matricule_en character varying(20),
    type_ue character varying(1) NOT NULL
);


ALTER TABLE public.ue OWNER TO postgres;

--
-- Name: agenda id_ag; Type: DEFAULT; Schema: public; Owner: postgres
--

ALTER TABLE ONLY public.agenda ALTER COLUMN id_ag SET DEFAULT nextval('public.agenda_id_ag_seq'::regclass);


--
-- Name: annonce id_ann; Type: DEFAULT; Schema: public; Owner: postgres
--

ALTER TABLE ONLY public.annonce ALTER COLUMN id_ann SET DEFAULT nextval('public.annonce_id_ann_seq'::regclass);


--
-- Name: document id_doc; Type: DEFAULT; Schema: public; Owner: postgres
--

ALTER TABLE ONLY public.document ALTER COLUMN id_doc SET DEFAULT nextval('public.document_id_doc_seq'::regclass);


--
-- Name: note id_note; Type: DEFAULT; Schema: public; Owner: postgres
--

ALTER TABLE ONLY public.note ALTER COLUMN id_note SET DEFAULT nextval('public.note_id_note_seq'::regclass);


--
-- Name: profil_ens id_pr_en; Type: DEFAULT; Schema: public; Owner: postgres
--

ALTER TABLE ONLY public.profil_ens ALTER COLUMN id_pr_en SET DEFAULT nextval('public.profil_ens_id_pr_en_seq'::regclass);


--
-- Name: profil_etu id_prof; Type: DEFAULT; Schema: public; Owner: postgres
--

ALTER TABLE ONLY public.profil_etu ALTER COLUMN id_prof SET DEFAULT nextval('public.profil_etu_id_prof_seq'::regclass);


--
-- Data for Name: agenda; Type: TABLE DATA; Schema: public; Owner: postgres
--

COPY public.agenda (id_ag, titre, date_deb_ag, date_fin, note, matricule, matricule_en) FROM stdin;
\.


--
-- Data for Name: annonce; Type: TABLE DATA; Schema: public; Owner: postgres
--

COPY public.annonce (id_ann, texte, date_pub, categorie, titre, matricule, matricule_en) FROM stdin;
\.


--
-- Data for Name: auth_group; Type: TABLE DATA; Schema: public; Owner: postgres
--

COPY public.auth_group (id, name) FROM stdin;
\.


--
-- Data for Name: auth_group_permissions; Type: TABLE DATA; Schema: public; Owner: postgres
--

COPY public.auth_group_permissions (id, group_id, permission_id) FROM stdin;
\.


--
-- Data for Name: auth_permission; Type: TABLE DATA; Schema: public; Owner: postgres
--

COPY public.auth_permission (id, name, content_type_id, codename) FROM stdin;
1	Can add log entry	1	add_logentry
2	Can change log entry	1	change_logentry
3	Can delete log entry	1	delete_logentry
4	Can view log entry	1	view_logentry
5	Can add permission	2	add_permission
6	Can change permission	2	change_permission
7	Can delete permission	2	delete_permission
8	Can view permission	2	view_permission
9	Can add group	3	add_group
10	Can change group	3	change_group
11	Can delete group	3	delete_group
12	Can view group	3	view_group
13	Can add user	4	add_user
14	Can change user	4	change_user
15	Can delete user	4	delete_user
16	Can view user	4	view_user
17	Can add content type	5	add_contenttype
18	Can change content type	5	change_contenttype
19	Can delete content type	5	delete_contenttype
20	Can view content type	5	view_contenttype
21	Can add session	6	add_session
22	Can change session	6	change_session
23	Can delete session	6	delete_session
24	Can view session	6	view_session
25	Can add agenda	7	add_agenda
26	Can change agenda	7	change_agenda
27	Can delete agenda	7	delete_agenda
28	Can view agenda	7	view_agenda
29	Can add annonce	8	add_annonce
30	Can change annonce	8	change_annonce
31	Can delete annonce	8	delete_annonce
32	Can view annonce	8	view_annonce
33	Can add document	9	add_document
34	Can change document	9	change_document
35	Can delete document	9	delete_document
36	Can view document	9	view_document
37	Can add enseignant	10	add_enseignant
38	Can change enseignant	10	change_enseignant
39	Can delete enseignant	10	delete_enseignant
40	Can view enseignant	10	view_enseignant
41	Can add etudiant	11	add_etudiant
42	Can change etudiant	11	change_etudiant
43	Can delete etudiant	11	delete_etudiant
44	Can view etudiant	11	view_etudiant
45	Can add note	12	add_note
46	Can change note	12	change_note
47	Can delete note	12	delete_note
48	Can view note	12	view_note
49	Can add profil ens	13	add_profilens
50	Can change profil ens	13	change_profilens
51	Can delete profil ens	13	delete_profilens
52	Can view profil ens	13	view_profilens
53	Can add profil etu	14	add_profiletu
54	Can change profil etu	14	change_profiletu
55	Can delete profil etu	14	delete_profiletu
56	Can view profil etu	14	view_profiletu
57	Can add ue	15	add_ue
58	Can change ue	15	change_ue
59	Can delete ue	15	delete_ue
60	Can view ue	15	view_ue
61	Can add reset link	16	add_resetlink
62	Can change reset link	16	change_resetlink
63	Can delete reset link	16	delete_resetlink
64	Can view reset link	16	view_resetlink
\.


--
-- Data for Name: auth_user; Type: TABLE DATA; Schema: public; Owner: postgres
--

COPY public.auth_user (id, password, last_login, is_superuser, username, first_name, last_name, email, is_staff, is_active, date_joined) FROM stdin;
1	pbkdf2_sha256$600000$TaJeEaIKvL1i6x2hkfhY1p$bYWDtHq5u51p0DCd14oWiI6aE/ez4XHCXZdrE6Ncp/A=	2023-11-13 02:34:00.741854+01	t	tchami				t	t	2023-11-13 02:33:25.281721+01
2	pbkdf2_sha256$600000$j5jV7VpPuNN7hbYn2upbNj$7f23bAd1uM7vuiGzSLlUL2KiOu8yHr6DtbOacFcQby8=	2023-12-11 02:59:51.673645+01	t	wilson			wilsonnguimgo@gmail.com	t	t	2023-12-06 16:44:00.348403+01
\.


--
-- Data for Name: auth_user_groups; Type: TABLE DATA; Schema: public; Owner: postgres
--

COPY public.auth_user_groups (id, user_id, group_id) FROM stdin;
\.


--
-- Data for Name: auth_user_user_permissions; Type: TABLE DATA; Schema: public; Owner: postgres
--

COPY public.auth_user_user_permissions (id, user_id, permission_id) FROM stdin;
\.


--
-- Data for Name: django_admin_log; Type: TABLE DATA; Schema: public; Owner: postgres
--

COPY public.django_admin_log (id, action_time, object_id, object_repr, action_flag, change_message, content_type_id, user_id) FROM stdin;
1	2023-11-13 08:40:38.508729+01	11r29401	nicheubertabt.facsciences-uy1@gmail.cm	2	[]	10	1
2	2023-12-07 06:56:29.463417+01	INF311	Ue object (INF311)	1	[{"added": {}}]	15	2
3	2023-12-07 06:57:14.691959+01	INF321	Ue object (INF321)	2	[{"changed": {"fields": ["Code ue", "Nom", "Matricule en"]}}]	15	2
4	2023-12-07 07:11:26.145914+01	INF331	Ue object (INF331)	2	[{"changed": {"fields": ["Code ue", "Nom", "Matricule en"]}}]	15	2
5	2023-12-07 07:11:47.852939+01	INF341	Ue object (INF341)	2	[{"changed": {"fields": ["Code ue", "Nom", "Matricule en"]}}]	15	2
6	2023-12-07 07:12:30.291654+01	INF351	Ue object (INF351)	2	[{"changed": {"fields": ["Code ue", "Nom", "Credit", "Matricule en", "Type ue"]}}]	15	2
7	2023-12-07 07:13:09.68625+01	INF361	Ue object (INF361)	2	[{"changed": {"fields": ["Code ue", "Nom", "Credit", "Matricule en", "Type ue"]}}]	15	2
8	2023-12-07 07:14:01.91145+01	INF371	Ue object (INF371)	2	[{"changed": {"fields": ["Code ue", "Nom", "Credit", "Matricule en", "Type ue"]}}]	15	2
9	2023-12-07 07:18:10.783518+01	INF381	Ue object (INF381)	2	[{"changed": {"fields": ["Code ue", "Nom", "Credit", "Matricule en", "Type ue"]}}]	15	2
10	2023-12-07 07:24:23.031225+01	FBL311	Ue object (FBL311)	2	[{"changed": {"fields": ["Code ue", "Nom", "Credit", "Matricule en"]}}]	15	2
11	2023-12-07 07:25:31.148031+01	INF312	Ue object (INF312)	2	[{"changed": {"fields": ["Code ue", "Nom", "Matricule en"]}}]	15	2
12	2023-12-07 07:27:48.59329+01	INF322	Ue object (INF322)	2	[{"changed": {"fields": ["Code ue", "Nom", "Matricule en"]}}]	15	2
13	2023-12-07 07:28:29.93883+01	INF332	Ue object (INF332)	2	[{"changed": {"fields": ["Code ue", "Nom", "Matricule en"]}}]	15	2
14	2023-12-07 07:29:08.860439+01	INF342	Ue object (INF342)	2	[{"changed": {"fields": ["Code ue", "Nom", "Matricule en"]}}]	15	2
15	2023-12-07 07:34:07.392031+01	INF352	Ue object (INF352)	2	[{"changed": {"fields": ["Code ue", "Nom", "Credit", "Matricule en", "Type ue"]}}]	15	2
16	2023-12-07 07:34:41.851017+01	INF362	Ue object (INF362)	2	[{"changed": {"fields": ["Code ue", "Nom", "Credit", "Matricule en", "Type ue"]}}]	15	2
17	2023-12-07 07:35:27.977629+01	INF372	Ue object (INF372)	2	[{"changed": {"fields": ["Code ue", "Nom", "Credit", "Matricule en", "Type ue"]}}]	15	2
18	2023-12-07 07:36:28.104804+01	INF382	Ue object (INF382)	2	[{"changed": {"fields": ["Code ue", "Nom", "Credit", "Matricule en", "Type ue"]}}]	15	2
19	2023-12-07 07:37:41.777479+01	PPE312	Ue object (PPE312)	2	[{"changed": {"fields": ["Code ue", "Nom", "Credit", "Matricule en"]}}]	15	2
20	2023-12-10 23:43:26.679404+01	INF311	Ue object (INF311)	2	[{"changed": {"fields": ["Matricule en"]}}]	15	2
21	2023-12-11 03:32:34.963316+01	ts-no	tsopze@facsciences-uy1.cm	3		10	2
22	2023-12-11 03:32:35.005744+01	nz-ar	nzekong@facsciences-uy1.cm	3		10	2
23	2023-12-11 03:32:35.047392+01	ng-me	messi@facsiences-uy1.cm	3		10	2
24	2023-12-11 03:32:35.058095+01	nd-re	ndoundam@facsiences-uy1.cm	3		10	2
25	2023-12-11 03:32:35.069301+01	mo-va	monthe@facsiences-uy1.cm	3		10	2
26	2023-12-11 03:32:35.08048+01	me-pa	melatagiapaulin@facsciences-uy1.cm	3		10	2
27	2023-12-11 03:32:35.091471+01	ji-az	jiomekong@facsciences-uy1.cm	3		10	2
28	2023-12-11 03:32:35.102656+01	ha-ad	hamza@facsiences-uy1.cm	3		10	2
29	2023-12-11 03:32:35.11411+01	eb-se	ebele@facsiences-uy1.cm	3		10	2
30	2023-12-11 03:32:35.125062+01	do-ro	domga@facsiences-uy1.cm	3		10	2
31	2023-12-11 03:32:35.136053+01	da-me	dame@facsiences-uy1.cm	3		10	2
32	2023-12-11 03:32:35.147411+01	an-en	anglais@facsciences-uy1.cm	3		10	2
33	2023-12-11 03:32:35.158513+01	am-am	aminou@facsciences-uy1.cm	3		10	2
34	2023-12-11 03:32:35.169668+01	ab-gh	abessolo@facsciences-uy1.cm	3		10	2
35	2023-12-11 03:32:35.181038+01	11r29401	nicheubertabt.facsciences-uy1@gmail.cm	3		10	2
\.


--
-- Data for Name: django_content_type; Type: TABLE DATA; Schema: public; Owner: postgres
--

COPY public.django_content_type (id, app_label, model) FROM stdin;
1	admin	logentry
2	auth	permission
3	auth	group
4	auth	user
5	contenttypes	contenttype
6	sessions	session
7	ent_infoConnect	agenda
8	ent_infoConnect	annonce
9	ent_infoConnect	document
10	ent_infoConnect	enseignant
11	ent_infoConnect	etudiant
12	ent_infoConnect	note
13	ent_infoConnect	profilens
14	ent_infoConnect	profiletu
15	ent_infoConnect	ue
16	ent_infoConnect	resetlink
\.


--
-- Data for Name: django_migrations; Type: TABLE DATA; Schema: public; Owner: postgres
--

COPY public.django_migrations (id, app, name, applied) FROM stdin;
1	contenttypes	0001_initial	2023-10-25 12:17:32.619912+01
2	auth	0001_initial	2023-10-25 12:17:32.769338+01
3	admin	0001_initial	2023-10-25 12:17:32.807607+01
4	admin	0002_logentry_remove_auto_add	2023-10-25 12:17:32.817544+01
5	admin	0003_logentry_add_action_flag_choices	2023-10-25 12:17:32.825811+01
6	contenttypes	0002_remove_content_type_name	2023-10-25 12:17:32.846011+01
7	auth	0002_alter_permission_name_max_length	2023-10-25 12:17:32.85365+01
8	auth	0003_alter_user_email_max_length	2023-10-25 12:17:32.865123+01
9	auth	0004_alter_user_username_opts	2023-10-25 12:17:32.878592+01
10	auth	0005_alter_user_last_login_null	2023-10-25 12:17:32.889815+01
11	auth	0006_require_contenttypes_0002	2023-10-25 12:17:32.894125+01
12	auth	0007_alter_validators_add_error_messages	2023-10-25 12:17:32.898241+01
13	auth	0008_alter_user_username_max_length	2023-10-25 12:17:32.928715+01
14	auth	0009_alter_user_last_name_max_length	2023-10-25 12:17:32.940925+01
15	auth	0010_alter_group_name_max_length	2023-10-25 12:17:32.951331+01
16	auth	0011_update_proxy_permissions	2023-10-25 12:17:32.960206+01
17	auth	0012_alter_user_first_name_max_length	2023-10-25 12:17:32.9677+01
19	sessions	0001_initial	2023-10-25 12:17:32.995718+01
43	ent_infoConnect	0001_initial	2023-11-02 10:41:57.503884+01
60	ent_infoConnect	0002_resetlink	2023-11-12 17:38:12.132098+01
61	ent_infoConnect	0003_alter_etudiant_table	2023-11-12 17:38:12.143019+01
62	ent_infoConnect	0004_alter_etudiant_table	2023-11-12 17:38:12.151013+01
63	ent_infoConnect	0005_alter_etudiant_options	2023-11-12 17:38:12.158019+01
64	ent_infoConnect	0006_alter_etudiant_email_alter_etudiant_mot_de_passe_and_more	2023-11-12 17:38:12.18506+01
65	ent_infoConnect	0007_alter_enseignant_options	2023-11-12 17:38:12.191011+01
66	ent_infoConnect	0008_alter_enseignant_table	2023-11-12 17:38:12.198011+01
67	ent_infoConnect	0009_alter_agenda_options_alter_annonce_options_and_more	2023-11-12 17:38:12.209054+01
68	ent_infoConnect	0003_alter_etudiant_options	2023-11-13 03:40:06.824618+01
69	ent_infoConnect	0004_etudiant_last_login	2023-11-13 03:42:47.196247+01
70	ent_infoConnect	0005_alter_enseignant_options	2023-11-13 03:45:20.780784+01
71	ent_infoConnect	0006_enseignant_last_login	2023-11-13 03:46:31.777589+01
72	ent_infoConnect	0007_etudiant_password	2023-11-13 05:20:21.832279+01
73	ent_infoConnect	0008_remove_resetlink_user_type_enseignant_password_and_more	2023-11-13 06:13:54.026605+01
74	ent_infoConnect	0009_remove_enseignant_password_remove_etudiant_password	2023-11-13 06:13:54.036273+01
75	ent_infoConnect	0010_enseignant_password_etudiant_password	2023-11-13 06:15:59.443927+01
76	ent_infoConnect	0011_resetlink_user_type_alter_resetlink_object_id	2023-11-13 06:23:38.406203+01
77	ent_infoConnect	0012_remove_enseignant_password_remove_etudiant_password	2023-11-13 07:00:37.821584+01
80	ent_infoConnect	0013_alter_ue_options	2023-12-07 06:33:28.353991+01
81	ent_infoConnect	0014_alter_agenda_options_alter_annonce_options_and_more	2023-12-07 06:36:20.18581+01
82	ent_infoConnect	0015_agenda_matricule_agenda_matricule_en_and_more	2023-12-07 06:49:22.14136+01
83	ent_infoConnect	0016_document_file	2023-12-24 08:09:33.734995+01
84	ent_infoConnect	0017_remove_document_matricule	2023-12-24 17:43:43.267864+01
85	ent_infoConnect	0018_alter_document_file	2023-12-24 18:36:48.405779+01
86	ent_infoConnect	0019_alter_document_file	2023-12-24 21:00:55.315245+01
\.


--
-- Data for Name: django_session; Type: TABLE DATA; Schema: public; Owner: postgres
--

COPY public.django_session (session_key, session_data, expire_date) FROM stdin;
o0xd7b26elx49nluq4fx9ybmxjcjopz6	.eJxVjssOwiAQRf-FtRKxL-jKuPcbmmEYLEohKe3CGP9dmjap7ib3nnsyb9bBPPXdnGjsnGEtE-zwm2nAJ4WlMA8I98gxhml0mi8I39rEb9GQv27sn6CH1Od1IYkUltg0tVTmXFVWFohC1afGFJpEreQZaykaqAorK01WC6OoLE2pTD6ydP0x2MjaN7NuTFMXYKAsn7CHwWXEwx6mOJL3y5AGcH5P-IpfLGBCRwEpHeeX4Diwz-cLTPJb-w:1r3znq:P2ig95kcTHWS8mdoBolUtrloQcqoxo6O8psJA3BInBY	2023-12-01 15:26:38.572809+01
m9gvou5c6xwi38yztnjbp3oicisgrsed	.eJxFzDEKgDAMQNG7ZFZRoSBO3kRCSDGQVGjaQcS7qzi4Pj7_hOqcV0lxh_mEKNnLmtAYZii0oQk0oPij75lV-VE2FP2l-_IlIjkJJ2Jv6zF0ZE9rWLJQ1fcw9nWcQoDrugHiTysh:1rCruM:Mt3dUqphgBQb7HMn3X69salx3B5DJ5KNCDow5ka_bPc	2023-12-26 02:50:02.075925+01
4cjjj7rdq4wnlfugawcbcphk179il82d	.eJxFzDEKgDAMQNG7ZFZRoSBO3kRCSDGQVGjaQcS7qzi4Pj7_hOqcV0lxh_mEKNnLmtAYZii0oQk0oPij75lV-VE2FP2l-_IlIjkJJ2Jv6zF0ZE9rWLJQ1fcw9nWcQoDrugHiTysh:1rHUXj:m2f5VN_4RrU4dfU33bRUXGfmqmi-nvpqIAcx8Hxt67k	2024-01-07 20:53:47.013872+01
8eam69pg1dhxf06rdo091qxpg6sw811l	.eJxFyjEOwjAMBdC7eG6RunbiJpFl_YCLnUhxMkDVuxOxsD69k0agJS250n5S1hY9FXbQTl2e7EoLGf8xaoMZpsJZbcqh1fGq5XHPLCGKIoh1vLeb-GzOvakMQ0L57ZU_dF1fOfIqrA:1rHVwI:uGAgvY2l_3H5Ca56GO9pKFpSCS-5Dx2OrIJL8I0cLv4	2024-01-07 22:23:14.201259+01
\.


--
-- Data for Name: document; Type: TABLE DATA; Schema: public; Owner: postgres
--

COPY public.document (id_doc, titre, date_doc, type_doc, matricule_en, file) FROM stdin;
22	cour_inf351	2023-12-24	pdf	ji-az	inf351_1_dcWlZb0.pdf
\.


--
-- Data for Name: enseignant; Type: TABLE DATA; Schema: public; Owner: postgres
--

COPY public.enseignant (matricule_en, nom, prenom, email, sexe, mot_de_passe_ensei, last_login) FROM stdin;
11r29404	tsobze	ulbert	nicheub.facsciences-uy1@gmail.cm	h	pbkdf2_sha256$600000$8NGwDdU1XLeqZfX4P460kS$p1oKIHfIDfeYh7gCs/e9eh+Uml7TSwRkzmbI2hXlt3c=	2023-12-08 22:14:46.442616+01
ji-az	tchami	sorelle	jiomekong@facsciences-uy1.cm	h	pbkdf2_sha256$600000$PL2vzbOlkye8C3fg2YdtKr$6RvW1aflmG0+2uRfK2/7uQmss+seCdh/d8ZxiwvIvvw=	2023-12-12 12:22:23.878428+01
\.


--
-- Data for Name: ent_infoConnect_resetlink; Type: TABLE DATA; Schema: public; Owner: postgres
--

COPY public."ent_infoConnect_resetlink" (id, token, expiration_time, content_type_id, object_id, user_type) FROM stdin;
1	bxlb3m-39de36a5c76e6bf5b32d6410f4b4e01a	2023-11-13 08:23:46.076841+01	11	20u2855	
2	bxlctk-8d89ffa05de82f9fb5b6fd36bdbef9cf	2023-11-13 09:00:56.876339+01	11	20u2855	
3	bxlcws-7a2d17635606a49670b62fa4e8104f97	2023-11-13 09:02:52.895235+01	10	11r29401	
4	bxlgc1-856f8faa347dcc7425cfc234e234ee40	2023-11-13 10:16:49.025097+01	11	20u2855	
5	bxlggd-a0b49cb620216d179e792350874b2233	2023-11-13 10:19:25.56624+01	11	20u2855	
\.


--
-- Data for Name: etudiant; Type: TABLE DATA; Schema: public; Owner: postgres
--

COPY public.etudiant (matricule, nom, prenom, email, sexe, mot_de_passe, filiere, niveau, statut, last_login) FROM stdin;
20u2855	tchami	sorelle	sorelle.tchami@facsciences-uy1.cm	h	pbkdf2_sha256$600000$GvnzAiFBwE2r47ztU8K1hT$gJLlO40C2sEjNqENvCY4Sk4XWKrsm3P9+3xoOb8y2lQ=	INFO	l3	pas_délégue	2023-11-13 07:49:34.136894+01
21s6959	lenka	brisseau	brisseau.lenka@facsciences-uy1.cm	h	pbkdf2_sha256$600000$bUWF5hoiU7UBTKXIy2Zvcg$XOxY/bEKBVquCTZOuu7Qtz/gj9KZaeNXOveohW8Q6Gk=	INFO	l3	pas_délégue	2023-12-10 23:20:17.811174+01
22s7944	orbadiah	zannotelli	zannotelli.orbadiah@facsciences-uy1.cm	f	pbkdf2_sha256$600000$z5z2o1qM5hXRb4gcFikPGA$DfG2w9itFGSy15OdHz9E+qTf8vmIGUGyvi92M+Toguw=	INFO	l3	pas_délégue	2023-12-10 23:24:27.617297+01
18t1699	jess	hatch	hatch.jess@facsciences-uy1.cm	f	pbkdf2_sha256$600000$rzBhguRC0tLuBsZWePMOFM$X8ki63cO5Vodb0wLv/Qih9rMJ1viTkbl4j9NuWmBjU0=	INFO	l3	pas_délégue	2023-12-10 23:26:05.482623+01
21u3079	isis	fassbender	fassbender.isis@facsciences-uy1.cm	h	pbkdf2_sha256$600000$lBqHR35n4wAeFluJujgHHR$+OTvD3Gaa2gzeIvYr28G0G9iJpufr0hyxVZwHPMtTHU=	INFO	l3	pas_délégue	2023-12-10 23:30:29.375928+01
21t4985	jelene	pashler	pashler.jelene@facsciences-uy1.cm	f	pbkdf2_sha256$600000$1HunV9MXaOCFglSsJBREAw$YjowKiQj9/IrTppoiLwgplWiQmHJaWxN7DiZXBIAG08=	INFO	l3	délégue	2023-12-10 23:33:12.089617+01
\.


--
-- Data for Name: note; Type: TABLE DATA; Schema: public; Owner: postgres
--

COPY public.note (id_note, examen, valeur, date_fin, date_deb, code_ue, matricule, matricule_en) FROM stdin;
\.


--
-- Data for Name: profil_ens; Type: TABLE DATA; Schema: public; Owner: postgres
--

COPY public.profil_ens (id_pr_en, matricule_en) FROM stdin;
\.


--
-- Data for Name: profil_etu; Type: TABLE DATA; Schema: public; Owner: postgres
--

COPY public.profil_etu (id_prof, mgp, matricule) FROM stdin;
\.


--
-- Data for Name: ue; Type: TABLE DATA; Schema: public; Owner: postgres
--

COPY public.ue (code_ue, nom, credit, matricule_en, type_ue) FROM stdin;
INF311	CALCUL SCIENTIFIQUE	6	11r29404	F
\.


--
-- Name: agenda_id_ag_seq; Type: SEQUENCE SET; Schema: public; Owner: postgres
--

SELECT pg_catalog.setval('public.agenda_id_ag_seq', 1, false);


--
-- Name: annonce_id_ann_seq; Type: SEQUENCE SET; Schema: public; Owner: postgres
--

SELECT pg_catalog.setval('public.annonce_id_ann_seq', 1, false);


--
-- Name: auth_group_id_seq; Type: SEQUENCE SET; Schema: public; Owner: postgres
--

SELECT pg_catalog.setval('public.auth_group_id_seq', 1, false);


--
-- Name: auth_group_permissions_id_seq; Type: SEQUENCE SET; Schema: public; Owner: postgres
--

SELECT pg_catalog.setval('public.auth_group_permissions_id_seq', 1, false);


--
-- Name: auth_permission_id_seq; Type: SEQUENCE SET; Schema: public; Owner: postgres
--

SELECT pg_catalog.setval('public.auth_permission_id_seq', 64, true);


--
-- Name: auth_user_groups_id_seq; Type: SEQUENCE SET; Schema: public; Owner: postgres
--

SELECT pg_catalog.setval('public.auth_user_groups_id_seq', 1, false);


--
-- Name: auth_user_id_seq; Type: SEQUENCE SET; Schema: public; Owner: postgres
--

SELECT pg_catalog.setval('public.auth_user_id_seq', 2, true);


--
-- Name: auth_user_user_permissions_id_seq; Type: SEQUENCE SET; Schema: public; Owner: postgres
--

SELECT pg_catalog.setval('public.auth_user_user_permissions_id_seq', 1, false);


--
-- Name: django_admin_log_id_seq; Type: SEQUENCE SET; Schema: public; Owner: postgres
--

SELECT pg_catalog.setval('public.django_admin_log_id_seq', 35, true);


--
-- Name: django_content_type_id_seq; Type: SEQUENCE SET; Schema: public; Owner: postgres
--

SELECT pg_catalog.setval('public.django_content_type_id_seq', 16, true);


--
-- Name: django_migrations_id_seq; Type: SEQUENCE SET; Schema: public; Owner: postgres
--

SELECT pg_catalog.setval('public.django_migrations_id_seq', 86, true);


--
-- Name: document_id_doc_seq; Type: SEQUENCE SET; Schema: public; Owner: postgres
--

SELECT pg_catalog.setval('public.document_id_doc_seq', 22, true);


--
-- Name: ent_infoConnect_resetlink_id_seq; Type: SEQUENCE SET; Schema: public; Owner: postgres
--

SELECT pg_catalog.setval('public."ent_infoConnect_resetlink_id_seq"', 5, true);


--
-- Name: note_id_note_seq; Type: SEQUENCE SET; Schema: public; Owner: postgres
--

SELECT pg_catalog.setval('public.note_id_note_seq', 1, false);


--
-- Name: profil_ens_id_pr_en_seq; Type: SEQUENCE SET; Schema: public; Owner: postgres
--

SELECT pg_catalog.setval('public.profil_ens_id_pr_en_seq', 1, false);


--
-- Name: profil_etu_id_prof_seq; Type: SEQUENCE SET; Schema: public; Owner: postgres
--

SELECT pg_catalog.setval('public.profil_etu_id_prof_seq', 1, false);


--
-- Name: agenda agenda_pkey; Type: CONSTRAINT; Schema: public; Owner: postgres
--

ALTER TABLE ONLY public.agenda
    ADD CONSTRAINT agenda_pkey PRIMARY KEY (id_ag);


--
-- Name: annonce annonce_pkey; Type: CONSTRAINT; Schema: public; Owner: postgres
--

ALTER TABLE ONLY public.annonce
    ADD CONSTRAINT annonce_pkey PRIMARY KEY (id_ann);


--
-- Name: auth_group auth_group_name_key; Type: CONSTRAINT; Schema: public; Owner: postgres
--

ALTER TABLE ONLY public.auth_group
    ADD CONSTRAINT auth_group_name_key UNIQUE (name);


--
-- Name: auth_group_permissions auth_group_permissions_group_id_permission_id_0cd325b0_uniq; Type: CONSTRAINT; Schema: public; Owner: postgres
--

ALTER TABLE ONLY public.auth_group_permissions
    ADD CONSTRAINT auth_group_permissions_group_id_permission_id_0cd325b0_uniq UNIQUE (group_id, permission_id);


--
-- Name: auth_group_permissions auth_group_permissions_pkey; Type: CONSTRAINT; Schema: public; Owner: postgres
--

ALTER TABLE ONLY public.auth_group_permissions
    ADD CONSTRAINT auth_group_permissions_pkey PRIMARY KEY (id);


--
-- Name: auth_group auth_group_pkey; Type: CONSTRAINT; Schema: public; Owner: postgres
--

ALTER TABLE ONLY public.auth_group
    ADD CONSTRAINT auth_group_pkey PRIMARY KEY (id);


--
-- Name: auth_permission auth_permission_content_type_id_codename_01ab375a_uniq; Type: CONSTRAINT; Schema: public; Owner: postgres
--

ALTER TABLE ONLY public.auth_permission
    ADD CONSTRAINT auth_permission_content_type_id_codename_01ab375a_uniq UNIQUE (content_type_id, codename);


--
-- Name: auth_permission auth_permission_pkey; Type: CONSTRAINT; Schema: public; Owner: postgres
--

ALTER TABLE ONLY public.auth_permission
    ADD CONSTRAINT auth_permission_pkey PRIMARY KEY (id);


--
-- Name: auth_user_groups auth_user_groups_pkey; Type: CONSTRAINT; Schema: public; Owner: postgres
--

ALTER TABLE ONLY public.auth_user_groups
    ADD CONSTRAINT auth_user_groups_pkey PRIMARY KEY (id);


--
-- Name: auth_user_groups auth_user_groups_user_id_group_id_94350c0c_uniq; Type: CONSTRAINT; Schema: public; Owner: postgres
--

ALTER TABLE ONLY public.auth_user_groups
    ADD CONSTRAINT auth_user_groups_user_id_group_id_94350c0c_uniq UNIQUE (user_id, group_id);


--
-- Name: auth_user auth_user_pkey; Type: CONSTRAINT; Schema: public; Owner: postgres
--

ALTER TABLE ONLY public.auth_user
    ADD CONSTRAINT auth_user_pkey PRIMARY KEY (id);


--
-- Name: auth_user_user_permissions auth_user_user_permissions_pkey; Type: CONSTRAINT; Schema: public; Owner: postgres
--

ALTER TABLE ONLY public.auth_user_user_permissions
    ADD CONSTRAINT auth_user_user_permissions_pkey PRIMARY KEY (id);


--
-- Name: auth_user_user_permissions auth_user_user_permissions_user_id_permission_id_14a6b632_uniq; Type: CONSTRAINT; Schema: public; Owner: postgres
--

ALTER TABLE ONLY public.auth_user_user_permissions
    ADD CONSTRAINT auth_user_user_permissions_user_id_permission_id_14a6b632_uniq UNIQUE (user_id, permission_id);


--
-- Name: auth_user auth_user_username_key; Type: CONSTRAINT; Schema: public; Owner: postgres
--

ALTER TABLE ONLY public.auth_user
    ADD CONSTRAINT auth_user_username_key UNIQUE (username);


--
-- Name: django_admin_log django_admin_log_pkey; Type: CONSTRAINT; Schema: public; Owner: postgres
--

ALTER TABLE ONLY public.django_admin_log
    ADD CONSTRAINT django_admin_log_pkey PRIMARY KEY (id);


--
-- Name: django_content_type django_content_type_app_label_model_76bd3d3b_uniq; Type: CONSTRAINT; Schema: public; Owner: postgres
--

ALTER TABLE ONLY public.django_content_type
    ADD CONSTRAINT django_content_type_app_label_model_76bd3d3b_uniq UNIQUE (app_label, model);


--
-- Name: django_content_type django_content_type_pkey; Type: CONSTRAINT; Schema: public; Owner: postgres
--

ALTER TABLE ONLY public.django_content_type
    ADD CONSTRAINT django_content_type_pkey PRIMARY KEY (id);


--
-- Name: django_migrations django_migrations_pkey; Type: CONSTRAINT; Schema: public; Owner: postgres
--

ALTER TABLE ONLY public.django_migrations
    ADD CONSTRAINT django_migrations_pkey PRIMARY KEY (id);


--
-- Name: django_session django_session_pkey; Type: CONSTRAINT; Schema: public; Owner: postgres
--

ALTER TABLE ONLY public.django_session
    ADD CONSTRAINT django_session_pkey PRIMARY KEY (session_key);


--
-- Name: document document_pkey; Type: CONSTRAINT; Schema: public; Owner: postgres
--

ALTER TABLE ONLY public.document
    ADD CONSTRAINT document_pkey PRIMARY KEY (id_doc);


--
-- Name: enseignant enseignant_pkey; Type: CONSTRAINT; Schema: public; Owner: postgres
--

ALTER TABLE ONLY public.enseignant
    ADD CONSTRAINT enseignant_pkey PRIMARY KEY (matricule_en);


--
-- Name: ent_infoConnect_resetlink ent_infoConnect_resetlink_pkey; Type: CONSTRAINT; Schema: public; Owner: postgres
--

ALTER TABLE ONLY public."ent_infoConnect_resetlink"
    ADD CONSTRAINT "ent_infoConnect_resetlink_pkey" PRIMARY KEY (id);


--
-- Name: etudiant etudiant_email_68b43f7f_uniq; Type: CONSTRAINT; Schema: public; Owner: postgres
--

ALTER TABLE ONLY public.etudiant
    ADD CONSTRAINT etudiant_email_68b43f7f_uniq UNIQUE (email);


--
-- Name: etudiant etudiant_pkey; Type: CONSTRAINT; Schema: public; Owner: postgres
--

ALTER TABLE ONLY public.etudiant
    ADD CONSTRAINT etudiant_pkey PRIMARY KEY (matricule);


--
-- Name: note note_pkey; Type: CONSTRAINT; Schema: public; Owner: postgres
--

ALTER TABLE ONLY public.note
    ADD CONSTRAINT note_pkey PRIMARY KEY (id_note);


--
-- Name: profil_ens profil_ens_pkey; Type: CONSTRAINT; Schema: public; Owner: postgres
--

ALTER TABLE ONLY public.profil_ens
    ADD CONSTRAINT profil_ens_pkey PRIMARY KEY (id_pr_en);


--
-- Name: profil_etu profil_etu_pkey; Type: CONSTRAINT; Schema: public; Owner: postgres
--

ALTER TABLE ONLY public.profil_etu
    ADD CONSTRAINT profil_etu_pkey PRIMARY KEY (id_prof);


--
-- Name: ue ue_pkey; Type: CONSTRAINT; Schema: public; Owner: postgres
--

ALTER TABLE ONLY public.ue
    ADD CONSTRAINT ue_pkey PRIMARY KEY (code_ue);


--
-- Name: agenda_matricule_b24a3959; Type: INDEX; Schema: public; Owner: postgres
--

CREATE INDEX agenda_matricule_b24a3959 ON public.agenda USING btree (matricule);


--
-- Name: agenda_matricule_b24a3959_like; Type: INDEX; Schema: public; Owner: postgres
--

CREATE INDEX agenda_matricule_b24a3959_like ON public.agenda USING btree (matricule varchar_pattern_ops);


--
-- Name: agenda_matricule_en_3caf6158; Type: INDEX; Schema: public; Owner: postgres
--

CREATE INDEX agenda_matricule_en_3caf6158 ON public.agenda USING btree (matricule_en);


--
-- Name: agenda_matricule_en_3caf6158_like; Type: INDEX; Schema: public; Owner: postgres
--

CREATE INDEX agenda_matricule_en_3caf6158_like ON public.agenda USING btree (matricule_en varchar_pattern_ops);


--
-- Name: annonce_matricule_ae49bb65; Type: INDEX; Schema: public; Owner: postgres
--

CREATE INDEX annonce_matricule_ae49bb65 ON public.annonce USING btree (matricule);


--
-- Name: annonce_matricule_ae49bb65_like; Type: INDEX; Schema: public; Owner: postgres
--

CREATE INDEX annonce_matricule_ae49bb65_like ON public.annonce USING btree (matricule varchar_pattern_ops);


--
-- Name: annonce_matricule_en_bd0a88fe; Type: INDEX; Schema: public; Owner: postgres
--

CREATE INDEX annonce_matricule_en_bd0a88fe ON public.annonce USING btree (matricule_en);


--
-- Name: annonce_matricule_en_bd0a88fe_like; Type: INDEX; Schema: public; Owner: postgres
--

CREATE INDEX annonce_matricule_en_bd0a88fe_like ON public.annonce USING btree (matricule_en varchar_pattern_ops);


--
-- Name: auth_group_name_a6ea08ec_like; Type: INDEX; Schema: public; Owner: postgres
--

CREATE INDEX auth_group_name_a6ea08ec_like ON public.auth_group USING btree (name varchar_pattern_ops);


--
-- Name: auth_group_permissions_group_id_b120cbf9; Type: INDEX; Schema: public; Owner: postgres
--

CREATE INDEX auth_group_permissions_group_id_b120cbf9 ON public.auth_group_permissions USING btree (group_id);


--
-- Name: auth_group_permissions_permission_id_84c5c92e; Type: INDEX; Schema: public; Owner: postgres
--

CREATE INDEX auth_group_permissions_permission_id_84c5c92e ON public.auth_group_permissions USING btree (permission_id);


--
-- Name: auth_permission_content_type_id_2f476e4b; Type: INDEX; Schema: public; Owner: postgres
--

CREATE INDEX auth_permission_content_type_id_2f476e4b ON public.auth_permission USING btree (content_type_id);


--
-- Name: auth_user_groups_group_id_97559544; Type: INDEX; Schema: public; Owner: postgres
--

CREATE INDEX auth_user_groups_group_id_97559544 ON public.auth_user_groups USING btree (group_id);


--
-- Name: auth_user_groups_user_id_6a12ed8b; Type: INDEX; Schema: public; Owner: postgres
--

CREATE INDEX auth_user_groups_user_id_6a12ed8b ON public.auth_user_groups USING btree (user_id);


--
-- Name: auth_user_user_permissions_permission_id_1fbb5f2c; Type: INDEX; Schema: public; Owner: postgres
--

CREATE INDEX auth_user_user_permissions_permission_id_1fbb5f2c ON public.auth_user_user_permissions USING btree (permission_id);


--
-- Name: auth_user_user_permissions_user_id_a95ead1b; Type: INDEX; Schema: public; Owner: postgres
--

CREATE INDEX auth_user_user_permissions_user_id_a95ead1b ON public.auth_user_user_permissions USING btree (user_id);


--
-- Name: auth_user_username_6821ab7c_like; Type: INDEX; Schema: public; Owner: postgres
--

CREATE INDEX auth_user_username_6821ab7c_like ON public.auth_user USING btree (username varchar_pattern_ops);


--
-- Name: django_admin_log_content_type_id_c4bce8eb; Type: INDEX; Schema: public; Owner: postgres
--

CREATE INDEX django_admin_log_content_type_id_c4bce8eb ON public.django_admin_log USING btree (content_type_id);


--
-- Name: django_admin_log_user_id_c564eba6; Type: INDEX; Schema: public; Owner: postgres
--

CREATE INDEX django_admin_log_user_id_c564eba6 ON public.django_admin_log USING btree (user_id);


--
-- Name: django_session_expire_date_a5c62663; Type: INDEX; Schema: public; Owner: postgres
--

CREATE INDEX django_session_expire_date_a5c62663 ON public.django_session USING btree (expire_date);


--
-- Name: django_session_session_key_c0390e0f_like; Type: INDEX; Schema: public; Owner: postgres
--

CREATE INDEX django_session_session_key_c0390e0f_like ON public.django_session USING btree (session_key varchar_pattern_ops);


--
-- Name: document_matricule_en_8aadb02b; Type: INDEX; Schema: public; Owner: postgres
--

CREATE INDEX document_matricule_en_8aadb02b ON public.document USING btree (matricule_en);


--
-- Name: document_matricule_en_8aadb02b_like; Type: INDEX; Schema: public; Owner: postgres
--

CREATE INDEX document_matricule_en_8aadb02b_like ON public.document USING btree (matricule_en varchar_pattern_ops);


--
-- Name: ent_infoConnect_resetlink_content_type_id_e1a2a316; Type: INDEX; Schema: public; Owner: postgres
--

CREATE INDEX "ent_infoConnect_resetlink_content_type_id_e1a2a316" ON public."ent_infoConnect_resetlink" USING btree (content_type_id);


--
-- Name: etudiant_email_68b43f7f_like; Type: INDEX; Schema: public; Owner: postgres
--

CREATE INDEX etudiant_email_68b43f7f_like ON public.etudiant USING btree (email varchar_pattern_ops);


--
-- Name: note_code_ue_7907badc; Type: INDEX; Schema: public; Owner: postgres
--

CREATE INDEX note_code_ue_7907badc ON public.note USING btree (code_ue);


--
-- Name: note_code_ue_7907badc_like; Type: INDEX; Schema: public; Owner: postgres
--

CREATE INDEX note_code_ue_7907badc_like ON public.note USING btree (code_ue varchar_pattern_ops);


--
-- Name: note_matricule_6ad16e85; Type: INDEX; Schema: public; Owner: postgres
--

CREATE INDEX note_matricule_6ad16e85 ON public.note USING btree (matricule);


--
-- Name: note_matricule_6ad16e85_like; Type: INDEX; Schema: public; Owner: postgres
--

CREATE INDEX note_matricule_6ad16e85_like ON public.note USING btree (matricule varchar_pattern_ops);


--
-- Name: note_matricule_en_68a95e98; Type: INDEX; Schema: public; Owner: postgres
--

CREATE INDEX note_matricule_en_68a95e98 ON public.note USING btree (matricule_en);


--
-- Name: note_matricule_en_68a95e98_like; Type: INDEX; Schema: public; Owner: postgres
--

CREATE INDEX note_matricule_en_68a95e98_like ON public.note USING btree (matricule_en varchar_pattern_ops);


--
-- Name: profil_ens_matricule_en_d55600c6; Type: INDEX; Schema: public; Owner: postgres
--

CREATE INDEX profil_ens_matricule_en_d55600c6 ON public.profil_ens USING btree (matricule_en);


--
-- Name: profil_ens_matricule_en_d55600c6_like; Type: INDEX; Schema: public; Owner: postgres
--

CREATE INDEX profil_ens_matricule_en_d55600c6_like ON public.profil_ens USING btree (matricule_en varchar_pattern_ops);


--
-- Name: profil_etu_matricule_80e7367b; Type: INDEX; Schema: public; Owner: postgres
--

CREATE INDEX profil_etu_matricule_80e7367b ON public.profil_etu USING btree (matricule);


--
-- Name: profil_etu_matricule_80e7367b_like; Type: INDEX; Schema: public; Owner: postgres
--

CREATE INDEX profil_etu_matricule_80e7367b_like ON public.profil_etu USING btree (matricule varchar_pattern_ops);


--
-- Name: ue_matricule_en_cca597fc; Type: INDEX; Schema: public; Owner: postgres
--

CREATE INDEX ue_matricule_en_cca597fc ON public.ue USING btree (matricule_en);


--
-- Name: ue_matricule_en_cca597fc_like; Type: INDEX; Schema: public; Owner: postgres
--

CREATE INDEX ue_matricule_en_cca597fc_like ON public.ue USING btree (matricule_en varchar_pattern_ops);


--
-- Name: agenda agenda_matricule_b24a3959_fk_etudiant_matricule; Type: FK CONSTRAINT; Schema: public; Owner: postgres
--

ALTER TABLE ONLY public.agenda
    ADD CONSTRAINT agenda_matricule_b24a3959_fk_etudiant_matricule FOREIGN KEY (matricule) REFERENCES public.etudiant(matricule) DEFERRABLE INITIALLY DEFERRED;


--
-- Name: agenda agenda_matricule_en_3caf6158_fk_enseignant_matricule_en; Type: FK CONSTRAINT; Schema: public; Owner: postgres
--

ALTER TABLE ONLY public.agenda
    ADD CONSTRAINT agenda_matricule_en_3caf6158_fk_enseignant_matricule_en FOREIGN KEY (matricule_en) REFERENCES public.enseignant(matricule_en) DEFERRABLE INITIALLY DEFERRED;


--
-- Name: annonce annonce_matricule_ae49bb65_fk_etudiant_matricule; Type: FK CONSTRAINT; Schema: public; Owner: postgres
--

ALTER TABLE ONLY public.annonce
    ADD CONSTRAINT annonce_matricule_ae49bb65_fk_etudiant_matricule FOREIGN KEY (matricule) REFERENCES public.etudiant(matricule) DEFERRABLE INITIALLY DEFERRED;


--
-- Name: annonce annonce_matricule_en_bd0a88fe_fk_enseignant_matricule_en; Type: FK CONSTRAINT; Schema: public; Owner: postgres
--

ALTER TABLE ONLY public.annonce
    ADD CONSTRAINT annonce_matricule_en_bd0a88fe_fk_enseignant_matricule_en FOREIGN KEY (matricule_en) REFERENCES public.enseignant(matricule_en) DEFERRABLE INITIALLY DEFERRED;


--
-- Name: auth_group_permissions auth_group_permissio_permission_id_84c5c92e_fk_auth_perm; Type: FK CONSTRAINT; Schema: public; Owner: postgres
--

ALTER TABLE ONLY public.auth_group_permissions
    ADD CONSTRAINT auth_group_permissio_permission_id_84c5c92e_fk_auth_perm FOREIGN KEY (permission_id) REFERENCES public.auth_permission(id) DEFERRABLE INITIALLY DEFERRED;


--
-- Name: auth_group_permissions auth_group_permissions_group_id_b120cbf9_fk_auth_group_id; Type: FK CONSTRAINT; Schema: public; Owner: postgres
--

ALTER TABLE ONLY public.auth_group_permissions
    ADD CONSTRAINT auth_group_permissions_group_id_b120cbf9_fk_auth_group_id FOREIGN KEY (group_id) REFERENCES public.auth_group(id) DEFERRABLE INITIALLY DEFERRED;


--
-- Name: auth_permission auth_permission_content_type_id_2f476e4b_fk_django_co; Type: FK CONSTRAINT; Schema: public; Owner: postgres
--

ALTER TABLE ONLY public.auth_permission
    ADD CONSTRAINT auth_permission_content_type_id_2f476e4b_fk_django_co FOREIGN KEY (content_type_id) REFERENCES public.django_content_type(id) DEFERRABLE INITIALLY DEFERRED;


--
-- Name: auth_user_groups auth_user_groups_group_id_97559544_fk_auth_group_id; Type: FK CONSTRAINT; Schema: public; Owner: postgres
--

ALTER TABLE ONLY public.auth_user_groups
    ADD CONSTRAINT auth_user_groups_group_id_97559544_fk_auth_group_id FOREIGN KEY (group_id) REFERENCES public.auth_group(id) DEFERRABLE INITIALLY DEFERRED;


--
-- Name: auth_user_groups auth_user_groups_user_id_6a12ed8b_fk_auth_user_id; Type: FK CONSTRAINT; Schema: public; Owner: postgres
--

ALTER TABLE ONLY public.auth_user_groups
    ADD CONSTRAINT auth_user_groups_user_id_6a12ed8b_fk_auth_user_id FOREIGN KEY (user_id) REFERENCES public.auth_user(id) DEFERRABLE INITIALLY DEFERRED;


--
-- Name: auth_user_user_permissions auth_user_user_permi_permission_id_1fbb5f2c_fk_auth_perm; Type: FK CONSTRAINT; Schema: public; Owner: postgres
--

ALTER TABLE ONLY public.auth_user_user_permissions
    ADD CONSTRAINT auth_user_user_permi_permission_id_1fbb5f2c_fk_auth_perm FOREIGN KEY (permission_id) REFERENCES public.auth_permission(id) DEFERRABLE INITIALLY DEFERRED;


--
-- Name: auth_user_user_permissions auth_user_user_permissions_user_id_a95ead1b_fk_auth_user_id; Type: FK CONSTRAINT; Schema: public; Owner: postgres
--

ALTER TABLE ONLY public.auth_user_user_permissions
    ADD CONSTRAINT auth_user_user_permissions_user_id_a95ead1b_fk_auth_user_id FOREIGN KEY (user_id) REFERENCES public.auth_user(id) DEFERRABLE INITIALLY DEFERRED;


--
-- Name: django_admin_log django_admin_log_content_type_id_c4bce8eb_fk_django_co; Type: FK CONSTRAINT; Schema: public; Owner: postgres
--

ALTER TABLE ONLY public.django_admin_log
    ADD CONSTRAINT django_admin_log_content_type_id_c4bce8eb_fk_django_co FOREIGN KEY (content_type_id) REFERENCES public.django_content_type(id) DEFERRABLE INITIALLY DEFERRED;


--
-- Name: django_admin_log django_admin_log_user_id_c564eba6_fk_auth_user_id; Type: FK CONSTRAINT; Schema: public; Owner: postgres
--

ALTER TABLE ONLY public.django_admin_log
    ADD CONSTRAINT django_admin_log_user_id_c564eba6_fk_auth_user_id FOREIGN KEY (user_id) REFERENCES public.auth_user(id) DEFERRABLE INITIALLY DEFERRED;


--
-- Name: document document_matricule_en_8aadb02b_fk_enseignant_matricule_en; Type: FK CONSTRAINT; Schema: public; Owner: postgres
--

ALTER TABLE ONLY public.document
    ADD CONSTRAINT document_matricule_en_8aadb02b_fk_enseignant_matricule_en FOREIGN KEY (matricule_en) REFERENCES public.enseignant(matricule_en) DEFERRABLE INITIALLY DEFERRED;


--
-- Name: ent_infoConnect_resetlink ent_infoConnect_rese_content_type_id_e1a2a316_fk_django_co; Type: FK CONSTRAINT; Schema: public; Owner: postgres
--

ALTER TABLE ONLY public."ent_infoConnect_resetlink"
    ADD CONSTRAINT "ent_infoConnect_rese_content_type_id_e1a2a316_fk_django_co" FOREIGN KEY (content_type_id) REFERENCES public.django_content_type(id) DEFERRABLE INITIALLY DEFERRED;


--
-- Name: note note_code_ue_7907badc_fk_ue_code_ue; Type: FK CONSTRAINT; Schema: public; Owner: postgres
--

ALTER TABLE ONLY public.note
    ADD CONSTRAINT note_code_ue_7907badc_fk_ue_code_ue FOREIGN KEY (code_ue) REFERENCES public.ue(code_ue) DEFERRABLE INITIALLY DEFERRED;


--
-- Name: note note_matricule_6ad16e85_fk_etudiant_matricule; Type: FK CONSTRAINT; Schema: public; Owner: postgres
--

ALTER TABLE ONLY public.note
    ADD CONSTRAINT note_matricule_6ad16e85_fk_etudiant_matricule FOREIGN KEY (matricule) REFERENCES public.etudiant(matricule) DEFERRABLE INITIALLY DEFERRED;


--
-- Name: note note_matricule_en_68a95e98_fk_enseignant_matricule_en; Type: FK CONSTRAINT; Schema: public; Owner: postgres
--

ALTER TABLE ONLY public.note
    ADD CONSTRAINT note_matricule_en_68a95e98_fk_enseignant_matricule_en FOREIGN KEY (matricule_en) REFERENCES public.enseignant(matricule_en) DEFERRABLE INITIALLY DEFERRED;


--
-- Name: profil_ens profil_ens_matricule_en_d55600c6_fk_enseignant_matricule_en; Type: FK CONSTRAINT; Schema: public; Owner: postgres
--

ALTER TABLE ONLY public.profil_ens
    ADD CONSTRAINT profil_ens_matricule_en_d55600c6_fk_enseignant_matricule_en FOREIGN KEY (matricule_en) REFERENCES public.enseignant(matricule_en) DEFERRABLE INITIALLY DEFERRED;


--
-- Name: profil_etu profil_etu_matricule_80e7367b_fk_etudiant_matricule; Type: FK CONSTRAINT; Schema: public; Owner: postgres
--

ALTER TABLE ONLY public.profil_etu
    ADD CONSTRAINT profil_etu_matricule_80e7367b_fk_etudiant_matricule FOREIGN KEY (matricule) REFERENCES public.etudiant(matricule) DEFERRABLE INITIALLY DEFERRED;


--
-- Name: ue ue_matricule_en_cca597fc_fk_enseignant_matricule_en; Type: FK CONSTRAINT; Schema: public; Owner: postgres
--

ALTER TABLE ONLY public.ue
    ADD CONSTRAINT ue_matricule_en_cca597fc_fk_enseignant_matricule_en FOREIGN KEY (matricule_en) REFERENCES public.enseignant(matricule_en) DEFERRABLE INITIALLY DEFERRED;


--
-- PostgreSQL database dump complete
--

